Entity,Code,Year,Other renewables excluding bioenergy - TWh (adapted for visualization of chart electricity-prod-source-stacked),Electricity from bioenergy - TWh (adapted for visualization of chart electricity-prod-source-stacked),Electricity from solar - TWh (adapted for visualization of chart electricity-prod-source-stacked),Electricity from wind - TWh (adapted for visualization of chart electricity-prod-source-stacked),Electricity from hydro - TWh (adapted for visualization of chart electricity-prod-source-stacked),Electricity from nuclear - TWh (adapted for visualization of chart electricity-prod-source-stacked),Electricity from oil - TWh (adapted for visualization of chart electricity-prod-source-stacked),Electricity from gas - TWh (adapted for visualization of chart electricity-prod-source-stacked),Electricity from coal - TWh (adapted for visualization of chart electricity-prod-source-stacked),Other renewables excluding bioenergy - TWh (adapted for visualization of chart electricity-prod-source-stacked),Electricity from bioenergy - TWh (adapted for visualization of chart electricity-prod-source-stacked),Electricity from solar - TWh (adapted for visualization of chart electricity-prod-source-stacked),Electricity from wind - TWh (adapted for visualization of chart electricity-prod-source-stacked),Electricity from hydro - TWh (adapted for visualization of chart electricity-prod-source-stacked),Electricity from nuclear - TWh (adapted for visualization of chart electricity-prod-source-stacked),Electricity from oil - TWh (adapted for visualization of chart electricity-prod-source-stacked),Electricity from gas - TWh (adapted for visualization of chart electricity-prod-source-stacked),Electricity from coal - TWh (adapted for visualization of chart electricity-prod-source-stacked)
Austria,AUT,1990,0,1.13,0,0,31.51,0,2.72,7.72,6.19,0,1.13,0,0,31.51,0,2.72,7.72,6.19
Austria,AUT,1991,0,1.21,0,0,31.44,0,3.2,7.47,6.84,0,1.21,0,0,31.44,0,3.2,7.47,6.84
Austria,AUT,1992,0,1.31,0,0,34.85,0,2.98,6.64,4.11,0,1.31,0,0,34.85,0,2.98,6.64,4.11
Austria,AUT,1993,0,1.34,0,0,36.71,0,3.49,6.79,2.98,0,1.34,0,0,36.71,0,3.49,6.79,2.98
Austria,AUT,1994,0,1.19,0,0,35.71,0,3.31,8.64,3.1,0,1.19,0,0,35.71,0,3.31,8.64,3.1
Austria,AUT,1995,0,1.84,0,0,37.07,0,2.91,8.91,4.32,0,1.84,0,0,37.07,0,2.91,8.91,4.32
Austria,AUT,1996,0,1.57,0,0,34.22,0,2.98,9.4,5.28,0,1.57,0,0,34.22,0,2.98,9.4,5.28
Austria,AUT,1997,0,1.69,0,0.02,36.11,0,3.47,8.47,5.83,0,1.69,0,0.02,36.11,0,3.47,8.47,5.83
Austria,AUT,1998,0,1.82,0,0.05,37.16,0,3.79,8.87,4.13,0,1.82,0,0.05,37.16,0,3.79,8.87,4.13
Austria,AUT,1999,0,1.6,0,0.05,40.7,0,3.66,9.29,4.42,0,1.6,0,0.05,40.7,0,3.66,9.29,4.42
Austria,AUT,2000,0,1.53,0,0.07,41.84,0,2.63,7.85,5.72,0,1.53,0,0.07,41.84,0,2.63,7.85,5.72
Austria,AUT,2001,0,1.67,0.01,0.1,40.46,0,3.1,8.75,6.89,0,1.67,0.01,0.1,40.46,0,3.1,8.75,6.89
Austria,AUT,2002,0,1.52,0.01,0.14,40.23,0,2.81,9.31,6.61,0,1.52,0.01,0.14,40.23,0,2.81,9.31,6.61
Austria,AUT,2003,0,1.65,0.01,0.37,33.21,0,3.13,11.16,8.44,0,1.65,0.01,0.37,33.21,0,3.13,11.16,8.44
Austria,AUT,2004,0,1.91,0.02,0.93,36.76,0,3.37,10.95,7.91,0,1.91,0.02,0.93,36.76,0,3.37,10.95,7.91
Austria,AUT,2005,0,2.43,0.02,1.33,37.1,0,3.29,13.03,7.17,0,2.43,0.02,1.33,37.1,0,3.29,13.03,7.17
Austria,AUT,2006,0,3.23,0.02,1.75,35.66,0,3.51,10.67,7.37,0,3.23,0.02,1.75,35.66,0,3.51,10.67,7.37
Austria,AUT,2007,0,4.06,0.02,2.04,37.05,0,3.16,9.9,6.6,0,4.06,0.02,2.04,37.05,0,3.16,9.9,6.6
Austria,AUT,2008,0,4.16,0.03,2.01,38.33,0,3.14,11.18,5.53,0,4.16,0.03,2.01,38.33,0,3.14,11.18,5.53
Austria,AUT,2009,0,4.28,0.05,1.95,40.9,0,2.93,12.34,3.76,0,4.28,0.05,1.95,40.9,0,2.93,12.34,3.76
Austria,AUT,2010,0,4.48,0.09,2.06,38.36,0,3.56,14.35,4.92,0,4.48,0.09,2.06,38.36,0,3.56,14.35,4.92
Austria,AUT,2011,0,4.56,0.17,1.94,34.24,0,3.42,12.44,5.43,0,4.56,0.17,1.94,34.24,0,3.42,12.44,5.43
Austria,AUT,2012,0,4.68,0.34,2.46,43.85,0,3.22,9.71,4.39,0,4.68,0.34,2.46,43.85,0,3.22,9.71,4.39
Austria,AUT,2013,0,4.7,0.63,3.15,42.02,0,3.19,6.65,4.21,0,4.7,0.63,3.15,42.02,0,3.19,6.65,4.21
Austria,AUT,2014,0,4.55,0.79,3.85,41.01,0,3.09,5.32,2.94,0,4.55,0.79,3.85,41.01,0,3.09,5.32,2.94
Austria,AUT,2015,0,4.65,0.94,4.84,37.16,0,3.58,7.66,2.95,0,4.65,0.94,4.84,37.16,0,3.58,7.66,2.95
Austria,AUT,2016,0,4.78,1.1,5.23,39.97,0,3.26,8.49,2.04,0,4.78,1.1,5.23,39.97,0,3.26,8.49,2.04
Austria,AUT,2017,0,4.92,1.27,6.57,38.29,0,3.37,10.91,1.76,0,4.92,1.27,6.57,38.29,0,3.37,10.91,1.76
Austria,AUT,2018,0,4.93,1.46,6.03,37.64,0,2.88,9.92,1.81,0,4.93,1.46,6.03,37.64,0,2.88,9.92,1.81
Austria,AUT,2019,0,4.66,1.7,7.45,40.83,0,3.23,11.32,1.5,0,4.66,1.7,7.45,40.83,0,3.23,11.32,1.5
Austria,AUT,2020,0,4.59,2.04,6.79,42,0,3.11,9.95,0.56,0,4.59,2.04,6.79,42,0,3.11,9.95,0.56
Austria,AUT,2021,0,4.48,2.77,6.74,38.89,0,3.31,10.62,0,0,4.48,2.77,6.74,38.89,0,3.31,10.62,0
Austria,AUT,2022,0,4.76,3.78,7.25,34.63,0,3.22,10.87,0,0,4.76,3.78,7.25,34.63,0,3.22,10.87,0
Austria,AUT,2023,0,4.56,6.39,8.34,40.67,0,3.32,7.5,0,0,4.56,6.39,8.34,40.67,0,3.32,7.5,0
Austria,AUT,2024,0,5.09,8.82,9.44,44.76,0,3.32,7.11,0,0,5.09,8.82,9.44,44.76,0,3.32,7.11,0
Belgium,BEL,1990,0,0.28,0,0.01,0.27,42.72,4.51,5.41,17.09,0,0.28,0,0.01,0.27,42.72,4.51,5.41,17.09
Belgium,BEL,1991,0,0.3,0,0.01,0.23,42.86,5.06,6.22,16.51,0,0.3,0,0.01,0.23,42.86,5.06,6.22,16.51
Belgium,BEL,1992,0,0.27,0,0.01,0.34,43.46,4.66,6.67,16.01,0,0.27,0,0.01,0.34,43.46,4.66,6.67,16.01
Belgium,BEL,1993,0,0.25,0,0.01,0.25,41.93,4.53,6.81,16.3,0,0.25,0,0.01,0.25,41.93,4.53,6.81,16.3
Belgium,BEL,1994,0,0.25,0,0.01,0.35,40.62,4.86,8.27,16.98,0,0.25,0,0.01,0.35,40.62,4.86,8.27,16.98
Belgium,BEL,1995,0,0.32,0,0.01,0.34,41.36,4.79,10.18,16.52,0,0.32,0,0.01,0.34,41.36,4.79,10.18,16.52
Belgium,BEL,1996,0,0.31,0,0.01,0.24,43.34,4.68,11.01,15.55,0,0.31,0,0.01,0.24,43.34,4.68,11.01,15.55
Belgium,BEL,1997,0,0.28,0,0.01,0.31,47.41,4.58,11.54,13.75,0,0.28,0,0.01,0.31,47.41,4.58,11.54,13.75
Belgium,BEL,1998,0,0.36,0,0.01,0.39,46.17,5.93,15.04,14.19,0,0.36,0,0.01,0.39,46.17,5.93,15.04,14.19
Belgium,BEL,1999,0,0.5,0,0.01,0.34,49.02,4.33,19.23,9.94,0,0.5,0,0.01,0.34,49.02,4.33,19.23,9.94
Belgium,BEL,2000,0,0.57,0,0.02,0.46,48.16,4.68,15.98,12.92,0,0.57,0,0.02,0.46,48.16,4.68,15.98,12.92
Belgium,BEL,2001,0,0.6,0,0.04,0.44,46.35,5.48,15.78,9.94,0,0.6,0,0.04,0.44,46.35,5.48,15.78,9.94
Belgium,BEL,2002,0,0.72,0,0.06,0.36,47.36,4.54,17.87,10.03,0,0.72,0,0.06,0.36,47.36,4.54,17.87,10.03
Belgium,BEL,2003,0,0.86,0,0.09,0.25,47.38,3.74,21.61,9.64,0,0.86,0,0.09,0.25,47.38,3.74,21.61,9.64
Belgium,BEL,2004,0,1.04,0,0.14,0.32,47.31,4.91,20.04,9.15,0,1.04,0,0.14,0.32,47.31,4.91,20.04,9.15
Belgium,BEL,2005,0,1.59,0,0.23,0.29,47.6,4.97,21.5,8.2,0,1.59,0,0.23,0.29,47.6,4.97,21.5,8.2
Belgium,BEL,2006,0,2.23,0,0.37,0.36,46.65,4.89,21.99,6.85,0,2.23,0,0.37,0.36,46.65,4.89,21.99,6.85
Belgium,BEL,2007,0,2.6,0.01,0.49,0.39,48.23,3.96,24.66,6.47,0,2.6,0.01,0.49,0.39,48.23,3.96,24.66,6.47
Belgium,BEL,2008,0,3.33,0.04,0.64,0.41,45.57,3.41,24.11,5.55,0,3.33,0.04,0.64,0.41,45.57,3.41,24.11,5.55
Belgium,BEL,2009,0,3.95,0.17,0.99,0.33,47.22,2.67,29.25,5.18,0,3.95,0.17,0.99,0.33,47.22,2.67,29.25,5.18
Belgium,BEL,2010,0,4.38,0.58,1.29,0.31,47.94,3.49,30.84,4.2,0,4.38,0.58,1.29,0.31,47.94,3.49,30.84,4.2
Belgium,BEL,2011,0,4.63,1.21,2.31,0.2,48.23,3.77,25.44,3.48,0,4.63,1.21,2.31,0.2,48.23,3.77,25.44,3.48
Belgium,BEL,2012,0,5.24,2.15,2.76,0.36,40.29,3.75,23.57,3.39,0,5.24,2.15,2.76,0.36,40.29,3.75,23.57,3.39
Belgium,BEL,2013,0,5.03,2.64,3.67,0.38,42.64,3.78,20.8,3.01,0,5.03,2.64,3.67,0.38,42.64,3.78,20.8,3.01
Belgium,BEL,2014,0,4.41,2.89,4.62,0.29,33.7,3.86,19.34,2.09,0,4.41,2.89,4.62,0.29,33.7,3.86,19.34,2.09
Belgium,BEL,2015,0,5.49,3.06,5.57,0.32,26.1,3.8,22.02,2.07,0,5.49,3.06,5.57,0.32,26.1,3.8,22.02,2.07
Belgium,BEL,2016,0,5.36,3.1,5.42,0.37,43.52,4.08,22.07,0.39,0,5.36,3.1,5.42,0.37,43.52,4.08,22.07,0.39
Belgium,BEL,2017,0,5.7,3.31,6.52,0.27,42.23,4.29,23.02,0,0,5.7,3.31,6.52,0.27,42.23,4.29,23.02,0
Belgium,BEL,2018,0,5.4,3.9,7.57,0.29,28.6,4.12,23.99,0,0,5.4,3.9,7.57,0.29,28.6,4.12,23.99,0
Belgium,BEL,2019,0,5.15,4.25,9.75,0.3,43.52,4.18,25.54,0,0,5.15,4.25,9.75,0.3,43.52,4.18,25.54,0
Belgium,BEL,2020,0,5.26,5.11,12.81,0.27,34.43,3.63,26.78,0,0,5.26,5.11,12.81,0.27,34.43,3.63,26.78,0
Belgium,BEL,2021,0,4.7,5.62,12,0.42,50.33,3.8,22.52,0,0,4.7,5.62,12,0.42,50.33,3.8,22.52,0
Belgium,BEL,2022,0,4.93,6.88,12.35,0.27,43.88,4.07,21.95,0,0,4.93,6.88,12.35,0.27,43.88,4.07,21.95,0
Belgium,BEL,2023,0,3.8,7.82,15.46,0.41,32.93,3.48,18.3,0,0,3.8,7.82,15.46,0.41,32.93,3.48,18.3,0
Belgium,BEL,2024,0,3.51,8.93,14.01,0.42,31.41,2.67,13.98,0,0,3.51,8.93,14.01,0.42,31.41,2.67,13.98,0
Czechia,CZE,1990,0,0,0,0,1.16,12.59,1.12,0.38,47.02,0,0,0,0,1.16,12.59,1.12,0.38,47.02
Czechia,CZE,1991,0,0,0,0,1.09,12.13,1.1,0.38,45.6,0,0,0,0,1.09,12.13,1.1,0.38,45.6
Czechia,CZE,1992,0,0,0,0,1.4,12.25,1.11,0.38,43.91,0,0,0,0,1.4,12.25,1.11,0.38,43.91
Czechia,CZE,1993,0,0.16,0,0,1.37,12.63,0.84,0.4,43.27,0,0.16,0,0,1.37,12.63,0.84,0.4,43.27
Czechia,CZE,1994,0,0.32,0,0,1.46,12.98,1.01,0.39,42.24,0,0.32,0,0,1.46,12.98,1.01,0.39,42.24
Czechia,CZE,1995,0,0.41,0,0,2,12.23,1.12,0.48,44.34,0,0.41,0,0,2,12.23,1.12,0.48,44.34
Czechia,CZE,1996,0,0.29,0,0,1.97,12.85,2.25,1.04,45.43,0,0.29,0,0,1.97,12.85,2.25,1.04,45.43
Czechia,CZE,1997,0,0.49,0,0,1.7,12.49,2.65,1.15,45.73,0,0.49,0,0,1.7,12.49,2.65,1.15,45.73
Czechia,CZE,1998,0,0.59,0,0,1.4,13.18,2.85,1.29,45.31,0,0.59,0,0,1.4,13.18,2.85,1.29,45.31
Czechia,CZE,1999,0,0.68,0,0,1.68,13.36,2.57,1.73,44.15,0,0.68,0,0,1.68,13.36,2.57,1.73,44.15
Czechia,CZE,2000,0,0.52,0,0,1.76,13.59,2.59,1.69,52.75,0,0.52,0,0,1.76,13.59,2.59,1.69,52.75
Czechia,CZE,2001,0,0.52,0,0.0002,2.05,14.75,2.73,1.58,52.59,0,0.52,0,0.0002,2.05,14.75,2.73,1.58,52.59
Czechia,CZE,2002,0,0.5,0,0,2.49,18.74,2.75,1.61,49.91,0,0.5,0,0,2.49,18.74,2.75,1.61,49.91
Czechia,CZE,2003,0,0.49,0,0,1.38,25.87,2.7,1.58,50.77,0,0.49,0,0,1.38,25.87,2.7,1.58,50.77
Czechia,CZE,2004,0,0.71,0,0.01,2.02,26.33,2.87,1.54,50.31,0,0.71,0,0.01,2.02,26.33,2.87,1.54,50.31
Czechia,CZE,2005,0,0.73,0,0.02,2.38,24.73,3.08,1.47,49.52,0,0.73,0,0.02,2.38,24.73,3.08,1.47,49.52
Czechia,CZE,2006,0,0.92,0,0.05,2.55,26.05,2.87,1.57,49.65,0,0.92,0,0.05,2.55,26.05,2.87,1.57,49.65
Czechia,CZE,2007,0,1.2,0,0.13,2.09,26.17,3.02,1.37,53.79,0,1.2,0,0.13,2.09,26.17,3.02,1.37,53.79
Czechia,CZE,2008,0,1.45,0.01,0.24,2.02,26.55,3.22,1.02,48.77,0,1.45,0.01,0.24,2.02,26.55,3.22,1.02,48.77
Czechia,CZE,2009,0,1.85,0.09,0.29,2.43,27.21,2.85,0.98,45.94,0,1.85,0.09,0.29,2.43,27.21,2.85,0.98,45.94
Czechia,CZE,2010,0,2.16,0.62,0.34,2.79,28,3.03,1.38,46.9,0,2.16,0.62,0.34,2.79,28,3.03,1.38,46.9
Czechia,CZE,2011,0,2.7,2.18,0.4,1.96,28.28,3.03,1.41,46.68,0,2.7,2.18,0.4,1.96,28.28,3.03,1.41,46.68
Czechia,CZE,2012,0,3.37,2.15,0.42,2.13,30.32,2.72,1.49,43.98,0,3.37,2.15,0.42,2.13,30.32,2.72,1.49,43.98
Czechia,CZE,2013,0,4.06,2.03,0.48,2.73,30.75,2.7,2.04,41.12,0,4.06,2.03,0.48,2.73,30.75,2.7,2.04,41.12
Czechia,CZE,2014,0,4.66,2.12,0.48,1.91,30.33,2.93,1.82,40.73,0,4.66,2.12,0.48,1.91,30.33,2.93,1.82,40.73
Czechia,CZE,2015,0,4.79,2.26,0.57,1.79,26.84,2.82,2.28,41.14,0,4.79,2.26,0.57,1.79,26.84,2.82,2.28,41.14
Czechia,CZE,2016,0,4.76,2.13,0.5,2,24.1,2.81,3.73,41.97,0,4.76,2.13,0.5,2,24.1,2.81,3.73,41.97
Czechia,CZE,2017,0,4.97,2.2,0.59,1.87,28.34,2.65,3.7,41.44,0,4.97,2.2,0.59,1.87,28.34,2.65,3.7,41.44
Czechia,CZE,2018,0,4.83,2.36,0.61,1.63,29.92,2.52,3.77,41.2,0,4.83,2.36,0.61,1.63,29.92,2.52,3.77,41.2
Czechia,CZE,2019,0,5.03,2.32,0.7,2.01,30.25,2.27,5.81,37.33,0,5.03,2.32,0.7,2.01,30.25,2.27,5.81,37.33
Czechia,CZE,2020,0,5.21,2.29,0.7,2.14,30.04,1.85,6.87,31,0,5.21,2.29,0.7,2.14,30.04,1.85,6.87,31
Czechia,CZE,2021,0,5.38,2.25,0.6,2.41,30.73,0.8,7.31,34.18,0,5.38,2.25,0.6,2.41,30.73,0.8,7.31,34.18
Czechia,CZE,2022,0,5.41,2.63,0.64,2.09,31.02,0.73,4.33,36.88,0,5.41,2.63,0.64,2.09,31.02,0.73,4.33,36.88
Czechia,CZE,2023,0,5.19,2.89,0.71,2.36,30.41,0.63,3.68,29.94,0,5.19,2.89,0.71,2.36,30.41,0.63,3.68,29.94
Czechia,CZE,2024,0.02,5.18,4,0.68,2.61,29.75,0.38,3.73,26.67,0.02,5.18,4,0.68,2.61,29.75,0.38,3.73,26.67
Denmark,DNK,1990,0,0.19,0,0.61,0.03,0,0.86,0.69,23.56,0,0.19,0,0.61,0.03,0,0.86,0.69,23.56
Denmark,DNK,1991,0,0.29,0,0.74,0.03,0,1.12,0.83,33.44,0,0.29,0,0.74,0.03,0,1.12,0.83,33.44
Denmark,DNK,1992,0,0.41,0,0.92,0.03,0,1.2,1.08,26.96,0,0.41,0,0.92,0.03,0,1.2,1.08,26.96
Denmark,DNK,1993,0,0.55,0,1.03,0.03,0,1.25,1.59,29.33,0,0.55,0,1.03,0.03,0,1.25,1.59,29.33
Denmark,DNK,1994,0,0.57,0,1.14,0.03,0,3.07,2.28,33.29,0,0.57,0,1.14,0.03,0,3.07,2.28,33.29
Denmark,DNK,1995,0,0.65,0,1.18,0.03,0,3.73,3.63,27.36,0,0.65,0,1.18,0.03,0,3.73,3.63,27.36
Denmark,DNK,1996,0,0.83,0,1.23,0.02,0,5.95,5.68,39.67,0,0.83,0,1.23,0.02,0,5.95,5.68,39.67
Denmark,DNK,1997,0,0.98,0,1.93,0.02,0,5.67,6.78,28.76,0,0.98,0,1.93,0.02,0,5.67,6.78,28.76
Denmark,DNK,1998,0,1.08,0,2.82,0.03,0,5.21,8.13,23.65,0,1.08,0,2.82,0.03,0,5.21,8.13,23.65
Denmark,DNK,1999,0,1.32,0,3.03,0.03,0,5.2,9.06,20.08,0,1.32,0,3.03,0.03,0,5.2,9.06,20.08
Denmark,DNK,2000,0,1.3,0,4.24,0.03,0,4.84,8.77,16.67,0,1.3,0,4.24,0.03,0,4.84,8.77,16.67
Denmark,DNK,2001,0,1.51,0,4.31,0.03,0,4.6,9.27,17.82,0,1.51,0,4.31,0.03,0,4.6,9.27,17.82
Denmark,DNK,2002,0,1.88,0,4.88,0.03,0,4.46,9.59,18.26,0,1.88,0,4.88,0.03,0,4.46,9.59,18.26
Denmark,DNK,2003,0,2.49,0,5.56,0.02,0,2.83,9.76,25.31,0,2.49,0,5.56,0.02,0,2.83,9.76,25.31
Denmark,DNK,2004,0,2.91,0,6.59,0.03,0,2.1,9.94,18.67,0,2.91,0,6.59,0.03,0,2.1,9.94,18.67
Denmark,DNK,2005,0,3.17,0,6.61,0.02,0,2.04,8.78,15.46,0,3.17,0,6.61,0.02,0,2.04,8.78,15.46
Denmark,DNK,2006,0,3.07,0,6.1,0.02,0,2.28,9.4,24.57,0,3.07,0,6.1,0.02,0,2.28,9.4,24.57
Denmark,DNK,2007,0,3.1,0,7.17,0.03,0,1.91,7.04,19.89,0,3.1,0,7.17,0.03,0,1.91,7.04,19.89
Denmark,DNK,2008,0,3.14,0,6.93,0.03,0,1.84,7.08,17.46,0,3.14,0,6.93,0.03,0,1.84,7.08,17.46
Denmark,DNK,2009,0,3.32,0,6.73,0.02,0,1.82,6.67,17.69,0,3.32,0,6.73,0.02,0,1.82,6.67,17.69
Denmark,DNK,2010,0,4.59,0.01,7.81,0.02,0,1.4,7.91,17.01,0,4.59,0.01,7.81,0.02,0,1.4,7.91,17.01
Denmark,DNK,2011,0,4.37,0.01,9.77,0.02,0,1.12,5.84,13.98,0,4.37,0.01,9.77,0.02,0,1.12,5.84,13.98
Denmark,DNK,2012,0,4.45,0.1,10.27,0.02,0,1,4.19,10.54,0,4.45,0.1,10.27,0.02,0,1,4.19,10.54
Denmark,DNK,2013,0,4.31,0.52,11.12,0.01,0,0.94,3.42,14.29,0,4.31,0.52,11.12,0.01,0,0.94,3.42,14.29
Denmark,DNK,2014,0,4.29,0.6,13.08,0.02,0,0.89,2.1,11.06,0,4.29,0.6,13.08,0.02,0,0.89,2.1,11.06
Denmark,DNK,2015,0,4.18,0.6,14.13,0.02,0,0.92,1.82,7.11,0,4.18,0.6,14.13,0.02,0,0.92,1.82,7.11
Denmark,DNK,2016,0,4.85,0.74,12.78,0.02,0,0.88,2.26,8.87,0,4.85,0.74,12.78,0.02,0,0.88,2.26,8.87
Denmark,DNK,2017,0,6.25,0.75,14.78,0.02,0,0.87,2.02,6.21,0,6.25,0.75,14.78,0.02,0,0.87,2.02,6.21
Denmark,DNK,2018,0,5.89,0.95,13.9,0.01,0,0.82,2.07,6.57,0,5.89,0.95,13.9,0.01,0,0.82,2.07,6.57
Denmark,DNK,2019,0,5.94,0.96,16.15,0.02,0,0.89,2.1,3.31,0,5.94,0.96,16.15,0.02,0,0.89,2.1,3.31
Denmark,DNK,2020,0,5.92,1.18,16.33,0.02,0,0.89,1.18,3.06,0,5.92,1.18,16.33,0.02,0,0.89,1.18,3.06
Denmark,DNK,2021,0,8.72,1.31,16.05,0.02,0,0.91,1.54,4.37,0,8.72,1.31,16.05,0.02,0,0.91,1.54,4.37
Denmark,DNK,2022,0,7.27,2.2,19.03,0.01,0,1.03,1.02,4.43,0,7.27,2.2,19.03,0.01,0,1.03,1.02,4.43
Denmark,DNK,2023,0,6.44,3.36,19.51,0.02,0,0.85,1,2.53,0,6.44,3.36,19.51,0.02,0,0.85,1,2.53
Denmark,DNK,2024,0,6.67,3.99,20.53,0.02,0,0.85,0.9,2.49,0,6.67,3.99,20.53,0.02,0,0.85,0.9,2.49
Estonia,EST,1990,0,0,0,0,0,0,16.22,0.96,0,0,0,0,0,0,0,16.22,0.96,0
Estonia,EST,1991,0,0,0,0,0,0,13.66,0.97,0,0,0,0,0,0,0,13.66,0.97,0
Estonia,EST,1992,0,0,0,0,0,0,11.54,0.29,0,0,0,0,0,0,0,11.54,0.29,0
Estonia,EST,1993,0,0,0,0,0,0,8.99,0.13,0,0,0,0,0,0,0,8.99,0.13,0
Estonia,EST,1994,0,0,0,0,0,0,8.93,0.22,0,0,0,0,0,0,0,8.93,0.22,0
Estonia,EST,1995,0,0.01,0,0,0,0,8.42,0.26,0,0,0.01,0,0,0,0,8.42,0.26,0
Estonia,EST,1996,0,0,0,0,0,0,8.8,0.29,0,0,0,0,0,0,0,8.8,0.29,0
Estonia,EST,1997,0,0.01,0,0,0,0,8.95,0.26,0,0,0.01,0,0,0,0,8.95,0.26,0
Estonia,EST,1998,0,0.01,0,0,0,0,8.27,0.27,0,0,0.01,0,0,0,0,8.27,0.27,0
Estonia,EST,1999,0,0.01,0,0,0,0,8.03,0.23,0,0,0.01,0,0,0,0,8.03,0.23,0
Estonia,EST,2000,0,0.01,0,0,0,0,7.9,0.6,0,0,0.01,0,0,0,0,7.9,0.6,0
Estonia,EST,2001,0,0.01,0,0,0.01,0,7.87,0.6,0,0,0.01,0,0,0.01,0,7.87,0.6,0
Estonia,EST,2002,0,0.02,0,0,0.01,0,7.97,0.53,0,0,0.02,0,0,0.01,0,7.97,0.53,0
Estonia,EST,2003,0,0.03,0,0.01,0.01,0,9.61,0.5,0,0,0.03,0,0.01,0.01,0,9.61,0.5,0
Estonia,EST,2004,0,0.03,0,0.01,0.02,0,9.76,0.49,0,0,0.03,0,0.01,0.02,0,9.76,0.49,0
Estonia,EST,2005,0,0.04,0,0.05,0.02,0,9.55,0.54,0,0,0.04,0,0.05,0.02,0,9.55,0.54,0
Estonia,EST,2006,0,0.04,0,0.08,0.01,0,9.06,0.54,0,0,0.04,0,0.08,0.01,0,9.06,0.54,0
Estonia,EST,2007,0,0.03,0,0.09,0.02,0,11.7,0.34,0,0,0.03,0,0.09,0.02,0,11.7,0.34,0
Estonia,EST,2008,0,0.04,0,0.13,0.03,0,9.96,0.42,0,0,0.04,0,0.13,0.03,0,9.96,0.42,0
Estonia,EST,2009,0,0.31,0,0.2,0.03,0,8.13,0.11,0,0,0.31,0,0.2,0.03,0,8.13,0.11,0
Estonia,EST,2010,0,0.74,0,0.28,0.03,0,11.62,0.3,0,0,0.74,0,0.28,0.03,0,11.62,0.3,0
Estonia,EST,2011,0,0.78,0,0.37,0.03,0,11.46,0.25,0,0,0.78,0,0.37,0.03,0,11.46,0.25,0
Estonia,EST,2012,0,1,0,0.43,0.04,0,10.36,0.13,0,0,1,0,0.43,0.04,0,10.36,0.13,0
Estonia,EST,2013,0,0.67,0,0.53,0.03,0,11.95,0.09,0.01,0,0.67,0,0.53,0.03,0,11.95,0.09,0.01
Estonia,EST,2014,0,0.76,0,0.6,0.03,0,10.98,0.07,0.01,0,0.76,0,0.6,0.03,0,10.98,0.07,0.01
Estonia,EST,2015,0,0.82,0,0.71,0.03,0,8.53,0.06,0,0,0.82,0,0.71,0.03,0,8.53,0.06,0
Estonia,EST,2016,0,0.95,0.01,0.59,0.04,0,10.51,0.07,0,0,0.95,0.01,0.59,0.04,0,10.51,0.07,0
Estonia,EST,2017,0,1.1,0.01,0.72,0.03,0,11.22,0.06,0.02,0,1.1,0.01,0.72,0.03,0,11.22,0.06,0.02
Estonia,EST,2018,0,1.31,0.03,0.64,0.01,0,10.32,0.06,0,0,1.31,0.03,0.64,0.01,0,10.32,0.06,0
Estonia,EST,2019,0,1.36,0.07,0.69,0.02,0,5.43,0.04,0,0,1.36,0.07,0.69,0.02,0,5.43,0.04,0
Estonia,EST,2020,0,1.85,0.25,0.84,0.03,0,3.08,0.03,0,0,1.85,0.25,0.84,0.03,0,3.08,0.03,0
Estonia,EST,2021,0,1.77,0.35,0.73,0.02,0,4.28,0.04,0,0,1.77,0.35,0.73,0.02,0,4.28,0.04,0
Estonia,EST,2022,0,1.57,0.6,0.67,0.02,0,6.02,0.06,0,0,1.57,0.6,0.67,0.02,0,6.02,0.06,0
Estonia,EST,2023,0,1.38,0.72,0.79,0.02,0,2.92,0.02,0,0,1.38,0.72,0.79,0.02,0,2.92,0.02,0
Estonia,EST,2024,0,1.32,0.94,1.16,0.02,0,2.61,0.02,0,0,1.32,0.94,1.16,0.02,0,2.61,0.02,0
Finland,FIN,1990,0,5.16,0,0,10.86,19.22,4.8,4.66,9.66,0,5.16,0,0,10.86,19.22,4.8,4.66,9.66
Finland,FIN,1991,0,5,0,0,13.2,19.51,5.51,4.95,9.79,0,5,0,0,13.2,19.51,5.51,4.95,9.79
Finland,FIN,1992,0,4.95,0,0,15.11,19.26,5.54,5.18,7.66,0,4.95,0,0,15.11,19.26,5.54,5.18,7.66
Finland,FIN,1993,0,5.96,0,0,13.48,19.93,6.3,5.55,9.84,0,5.96,0,0,13.48,19.93,6.3,5.55,9.84
Finland,FIN,1994,0,6.47,0,0.01,11.79,19.43,7.51,6.43,13.98,0,6.47,0,0.01,11.79,19.43,7.51,6.43,13.98
Finland,FIN,1995,0,6.61,0,0.01,12.93,19.22,7.53,6.63,11.07,0,6.61,0,0.01,12.93,19.22,7.53,6.63,11.07
Finland,FIN,1996,0,5.89,0,0.01,11.86,19.48,8.44,8.51,15.12,0,5.89,0,0.01,11.86,19.48,8.44,8.51,15.12
Finland,FIN,1997,0,7.89,0,0.02,12.24,20.89,8.35,6.88,12.84,0,7.89,0,0.02,12.24,20.89,8.35,6.88,12.84
Finland,FIN,1998,0,9.33,0,0.02,15.05,21.85,7.1,8.82,7.94,0,9.33,0,0.02,15.05,21.85,7.1,8.82,7.94
Finland,FIN,1999,0,8.36,0,0.05,12.78,22.97,6.77,9.54,8.95,0,8.36,0,0.05,12.78,22.97,6.77,9.54,8.95
Finland,FIN,2000,0,8.64,0,0.08,14.66,22.48,5.49,10.13,8.49,0,8.64,0,0.08,14.66,22.48,5.49,10.13,8.49
Finland,FIN,2001,0,8.27,0,0.07,13.2,22.77,7.84,11.69,10.61,0,8.27,0,0.07,13.2,22.77,7.84,11.69,10.61
Finland,FIN,2002,0,8.99,0,0.06,10.78,22.3,8.45,11.63,12.71,0,8.99,0,0.06,10.78,22.3,8.45,11.63,12.71
Finland,FIN,2003,0,9.38,0,0.09,9.59,22.73,9.39,13.85,19.25,0,9.38,0,0.09,9.59,22.73,9.39,13.85,19.25
Finland,FIN,2004,0,10.44,0,0.12,15.07,22.72,8.24,12.75,16.5,0,10.44,0,0.12,15.07,22.72,8.24,12.75,16.5
Finland,FIN,2005,0,9.51,0,0.17,13.78,23.27,6.1,11.23,6.5,0,9.51,0,0.17,13.78,23.27,6.1,11.23,6.5
Finland,FIN,2006,0,10.81,0,0.16,11.49,22.91,8.27,12.32,16.33,0,10.81,0,0.16,11.49,22.91,8.27,12.32,16.33
Finland,FIN,2007,0,9.95,0,0.19,14.18,23.42,8.98,10.56,13.89,0,9.95,0,0.19,14.18,23.42,8.98,10.56,13.89
Finland,FIN,2008,0,10.4,0,0.26,17.11,22.96,7.09,11.03,8.5,0,10.4,0,0.26,17.11,22.96,7.09,11.03,8.5
Finland,FIN,2009,0,8.73,0,0.28,12.69,23.53,5.88,9.82,11.13,0,8.73,0,0.28,12.69,23.53,5.88,9.82,11.13
Finland,FIN,2010,0,10.97,0,0.29,12.92,22.8,7.86,11.26,14.54,0,10.97,0,0.29,12.92,22.8,7.86,11.26,14.54
Finland,FIN,2011,0,11.24,0.01,0.48,12.45,23.19,6.9,9.45,9.78,0,11.24,0.01,0.48,12.45,23.19,6.9,9.45,9.78
Finland,FIN,2012,0,11.2,0.01,0.49,16.86,22.99,5.03,6.73,7.1,0,11.2,0.01,0.49,16.86,22.99,5.03,6.73,7.1
Finland,FIN,2013,0,12.01,0.01,0.77,12.84,23.61,4.54,6.79,10.69,0,12.01,0.01,0.77,12.84,23.61,4.54,6.79,10.69
Finland,FIN,2014,0,11.76,0.01,1.11,13.4,23.58,4.8,5.52,7.92,0,11.76,0.01,1.11,13.4,23.58,4.8,5.52,7.92
Finland,FIN,2015,0,11.42,0.01,2.33,16.77,23.25,4.51,5.2,5.12,0,11.42,0.01,2.33,16.77,23.25,4.51,5.2,5.12
Finland,FIN,2016,0,11.52,0.02,3.07,15.8,23.2,4.43,3.74,6.97,0,11.52,0.02,3.07,15.8,23.2,4.43,3.74,6.97
Finland,FIN,2017,0,11.86,0.05,4.79,14.77,22.48,4.41,3.3,5.86,0,11.86,0.05,4.79,14.77,22.48,4.41,3.3,5.86
Finland,FIN,2018,0,12.91,0.09,5.84,13.3,22.79,5.31,4.2,5.79,0,12.91,0.09,5.84,13.3,22.79,5.31,4.2,5.79
Finland,FIN,2019,0,13.29,0.15,6.02,12.42,23.87,4.65,3.85,4.36,0,13.29,0.15,6.02,12.42,23.87,4.65,3.85,4.36
Finland,FIN,2020,0,11.57,0.22,8.26,15.88,23.29,3.59,3.99,2.44,0,11.57,0.22,8.26,15.88,23.29,3.59,3.99,2.44
Finland,FIN,2021,0,13.58,0.3,8.51,15.79,23.6,3.83,3.83,2.67,0,13.58,0.3,8.51,15.79,23.6,3.83,3.83,2.67
Finland,FIN,2022,0,12.76,0.39,12.02,13.49,25.34,3.77,0.96,3.44,0,12.76,0.39,12.02,13.49,25.34,3.77,0.96,3.44
Finland,FIN,2023,0,11.34,0.72,14.93,15.2,34.31,2.69,0.66,1.56,0,11.34,0.72,14.93,15.2,34.31,2.69,0.66,1.56
Finland,FIN,2024,0.09,10.34,1.23,20.37,14.3,32.68,3.26,0.66,0.67,0.09,10.34,1.23,20.37,14.3,32.68,3.26,0.66,0.67
France,FRA,1985,0,0,0,0,61.916004,224.1,7.062,3.153,41.443,0,0,0,0,61.916004,224.1,7.062,3.153,41.443
France,FRA,1986,0,0,0,0,62.483,254.155,5.437,2.85,31.147,0,0,0,0,62.483,254.155,5.437,2.85,31.147
France,FRA,1987,0,0,0,0,70.498,265.52,5.769,2.436,27.499,0,0,0,0,70.498,265.52,5.769,2.436,27.499
France,FRA,1988,0,0,0,0,76.522,275.521,5.63,2.414,25.049,0,0,0,0,76.522,275.521,5.63,2.414,25.049
France,FRA,1989,0,0,0,0,46.636997,303.931,11.728,2.974,32.41,0,0,0,0,46.636997,303.931,11.728,2.974,32.41
France,FRA,1990,0.5,1.41,0,0,52.71,314.08,12.84,3.03,31.47,0.5,1.41,0,0,52.71,314.08,12.84,3.03,31.47
France,FRA,1991,0.52,1.59,0,0,56.32,331.34,17.91,3.05,39.61,0.52,1.59,0,0,56.32,331.34,17.91,3.05,39.61
France,FRA,1992,0.52,1.62,0,0,67.48,338.45,13.06,3.18,34.23,0.52,1.62,0,0,67.48,338.45,13.06,3.18,34.23
France,FRA,1993,0.49,1.48,0,0,63.3,368.19,10.15,3.5,20.96,0.49,1.48,0,0,63.3,368.19,10.15,3.5,20.96
France,FRA,1994,0.5,1.66,0,0,77.03,359.98,9.14,3.63,20.9,0.5,1.66,0,0,77.03,359.98,9.14,3.63,20.9
France,FRA,1995,0.51,1.82,0,0,71.33,377.23,10.5,3.84,24.18,0.51,1.82,0,0,71.33,377.23,10.5,3.84,24.18
France,FRA,1996,0.49,1.93,0,0.01,64.67,397.34,11.19,4.12,28.04,0.49,1.93,0,0.01,64.67,397.34,11.19,4.12,28.04
France,FRA,1997,0.51,2.16,0,0.01,62.11,395.48,11.96,4.9,22.18,0.51,2.16,0,0.01,62.11,395.48,11.96,4.9,22.18
France,FRA,1998,0.52,2.13,0,0.02,60.77,387.99,16,4.97,33.53,0.52,2.13,0,0.02,60.77,387.99,16,4.97,33.53
France,FRA,1999,0.51,2.34,0,0.04,70.82,394.24,14.61,7.7,29.28,0.51,2.34,0,0.04,70.82,394.24,14.61,7.7,29.28
France,FRA,2000,0.51,2.48,0.01,0.05,64.78,415.16,11.06,11.51,27,0.51,2.48,0.01,0.05,64.78,415.16,11.06,11.51,27
France,FRA,2001,0.48,2.85,0.01,0.13,72.62,421.08,9.8,15.15,20.48,0.48,2.85,0.01,0.13,72.62,421.08,9.8,15.15,20.48
France,FRA,2002,0.49,3.04,0.01,0.27,58.88,436.76,9.76,18.37,23.66,0.49,3.04,0.01,0.27,58.88,436.76,9.76,18.37,23.66
France,FRA,2003,0.49,3.23,0.01,0.39,57.35,441.07,10.96,19.37,26.26,0.49,3.23,0.01,0.39,57.35,441.07,10.96,19.37,26.26
France,FRA,2004,0.47,3.31,0.01,0.59,58.04,448.24,10.22,21.05,24.37,0.47,3.31,0.01,0.59,58.04,448.24,10.22,21.05,24.37
France,FRA,2005,0.48,3.39,0.01,0.96,50.14,451.53,12.05,23.07,27.51,0.48,3.39,0.01,0.96,50.14,451.53,12.05,23.07,27.51
France,FRA,2006,0.46,3.38,0.01,2.18,54.88,450.19,11.55,21.76,22.89,0.46,3.38,0.01,2.18,54.88,450.19,11.55,21.76,22.89
France,FRA,2007,0.47,3.75,0.02,4.07,55.99,439.73,11.37,21.99,24.45,0.47,3.75,0.02,4.07,55.99,439.73,11.37,21.99,24.45
France,FRA,2008,0.47,3.97,0.04,5.69,62.16,439.45,10.26,21.88,23.06,0.47,3.97,0.04,5.69,62.16,439.45,10.26,21.88,23.06
France,FRA,2009,0.45,4.13,0.17,7.91,55.49,409.74,8.81,20.5,21.67,0.45,4.13,0.17,7.91,55.49,409.74,8.81,20.5,21.67
France,FRA,2010,0.48,4.44,0.62,9.94,61.2,428.52,10.04,23.76,23.36,0.48,4.44,0.62,9.94,61.2,428.52,10.04,23.76,23.36
France,FRA,2011,0.54,5.04,2.33,12.37,45.74,442.39,12.36,29.49,17.39,0.54,5.04,2.33,12.37,45.74,442.39,12.36,29.49,17.39
France,FRA,2012,0.51,5.3,4.43,15.18,59.83,425.41,12.71,22.75,21.46,0.51,5.3,4.43,15.18,59.83,425.41,12.71,22.75,21.46
France,FRA,2013,0.5,5.68,5.19,16.14,71.92,423.68,11.41,18.39,23.84,0.5,5.68,5.19,16.14,71.92,423.68,11.41,18.39,23.84
France,FRA,2014,0.56,5.99,6.39,17.32,63.77,436.48,11.38,13.16,11.26,0.56,5.99,6.39,17.32,63.77,436.48,11.38,13.16,11.26
France,FRA,2015,0.58,6.53,7.75,21.42,55.56,437.43,11.84,21.14,11.89,0.58,6.53,7.75,21.42,55.56,437.43,11.84,21.14,11.89
France,FRA,2016,0.6,7.52,8.66,21.38,60.84,403.2,11.44,34.97,10.23,0.6,7.52,8.66,21.38,60.84,403.2,11.44,34.97,10.23
France,FRA,2017,0.65,7.78,9.59,24.61,50,398.36,12.16,40.5,12.81,0.65,7.78,9.59,24.61,50,398.36,12.16,40.5,12.81
France,FRA,2018,0.61,8.38,10.81,28.6,65.11,412.94,10.59,30.55,8.31,0.61,8.38,10.81,28.6,65.11,412.94,10.59,30.55,8.31
France,FRA,2019,0.61,8.64,12.17,34.72,56.91,399.01,10.73,39.24,3.64,0.61,8.64,12.17,34.72,56.91,399.01,10.73,39.24,3.64
France,FRA,2020,0.61,8.76,13.19,40.05,62.59,353.83,10.05,35.25,3.09,0.61,8.76,13.19,40.05,62.59,353.83,10.05,35.25,3.09
France,FRA,2021,0.58,9.57,15.36,37.12,59.62,379.36,10.09,33.31,5.44,0.58,9.57,15.36,37.12,59.62,379.36,10.09,33.31,5.44
France,FRA,2022,0.6,9.66,19.63,38,45.52,294.73,10.45,45.74,4.16,0.6,9.66,19.63,38,45.52,294.73,10.45,45.74,4.16
France,FRA,2023,0.58,9.9,21.82,48.05,56.66,338.2,10.56,29.84,1.98,0.58,9.9,21.82,48.05,56.66,338.2,10.56,29.84,1.98
France,FRA,2024,0.58,9.74,23.57,43.19,69.29,379.27,11.28,19.1,1.71,0.58,9.74,23.57,43.19,69.29,379.27,11.28,19.1,1.71
Germany,DEU,1985,0,0,0,0,17.40065,138.641,9.595,27.985,312.88,0,0,0,0,17.40065,138.641,9.595,27.985,312.88
Germany,DEU,1986,0,0,0,0.001,18.571981,130.489,13.643,29.811,315.312,0,0,0,0.001,18.571981,130.489,13.643,29.811,315.312
Germany,DEU,1987,0,0,0,0.002,20.34297,141.725,13.811,32.956,308.479,0,0,0,0.002,20.34297,141.725,13.811,32.956,308.479
Germany,DEU,1988,0,0,0,0.008,20.079391,156.82,11.794,33.141,310.385,0,0,0,0.008,20.079391,156.82,11.794,33.141,310.385
Germany,DEU,1989,0,0,0,0.026,18.243729,161.671,10.437,38.575,313.104,0,0,0,0.026,18.243729,161.671,10.437,38.575,313.104
Germany,DEU,1990,0,1.6,0,0.07,17.43,152.47,24.75,35.9,310.04,0,1.6,0,0.07,17.43,152.47,24.75,35.9,310.04
Germany,DEU,1991,0,1.87,0,0.22,14.89,147.23,27.84,36.3,307.67,0,1.87,0,0.22,14.89,147.23,27.84,36.3,307.67
Germany,DEU,1992,0,2.04,0,0.29,17.4,158.8,26.57,33,295.67,0,2.04,0,0.29,17.4,158.8,26.57,33,295.67
Germany,DEU,1993,0,1.97,0,0.67,17.88,153.28,20.87,32.8,293.25,0,1.97,0,0.67,17.88,153.28,20.87,32.8,293.25
Germany,DEU,1994,0,2.07,0,1.43,19.93,150.7,20.53,36.1,290.29,0,2.07,0,1.43,19.93,150.7,20.53,36.1,290.29
Germany,DEU,1995,0,2.43,0,1.71,21.78,153.09,21.47,41.1,289.14,0,2.43,0,1.71,21.78,153.09,21.47,41.1,289.14
Germany,DEU,1996,0,2.5,0.01,2.08,21.96,160.02,20.11,45.56,295.99,0,2.5,0.01,2.08,21.96,160.02,20.11,45.56,295.99
Germany,DEU,1997,0,2.65,0.01,3.03,17.36,170.33,20.55,48.1,284.34,0,2.65,0.01,3.03,17.36,170.33,20.55,48.1,284.34
Germany,DEU,1998,0,3.06,0.01,4.59,17.22,161.64,19.74,50.74,292.26,0,3.06,0.01,4.59,17.22,161.64,19.74,50.74,292.26
Germany,DEU,1999,0,3.51,0.02,5.53,19.65,170,17.49,51.8,281.27,0,3.51,0.02,5.53,19.65,170,17.49,51.8,281.27
Germany,DEU,2000,0,4.33,0,9.35,21.73,169.61,18.05,49.2,296.68,0,4.33,0,9.35,21.73,169.61,18.05,49.2,296.68
Germany,DEU,2001,0,4.59,0.1,10.46,22.73,171.3,20.52,55.5,293.74,0,4.59,0.1,10.46,22.73,171.3,20.52,55.5,293.74
Germany,DEU,2002,0,5.31,0.2,15.86,23.12,164.84,18.53,56.3,299.6,0,5.31,0.2,15.86,23.12,164.84,18.53,56.3,299.6
Germany,DEU,2003,0,8.95,0.31,19.09,18.32,165.06,23.08,62.59,304.63,0,8.95,0.31,19.09,18.32,165.06,23.08,62.59,304.63
Germany,DEU,2004,0,10.64,0.56,26.02,20.75,167.07,23.12,62.67,298.77,0,10.64,0.56,26.02,20.75,167.07,23.12,62.67,298.77
Germany,DEU,2005,0,14.71,1.31,27.77,19.64,163.05,26.53,72.19,288.14,0,14.71,1.31,27.77,19.64,163.05,26.53,72.19,288.14
Germany,DEU,2006,0,18.94,2.27,31.32,20.03,167.27,26.71,74.73,288.93,0,18.94,2.27,31.32,20.03,167.27,26.71,74.73,288.93
Germany,DEU,2007,0,24.62,3.14,40.51,21.17,140.53,26.58,77.45,297.1,0,24.62,3.14,40.51,21.17,140.53,26.58,77.45,297.1
Germany,DEU,2008,0.02,28.02,4.51,41.38,20.44,148.49,25.74,88.48,275.21,0.02,28.02,4.51,41.38,20.44,148.49,25.74,88.48,275.21
Germany,DEU,2009,0.02,30.89,6.72,39.42,19.03,134.93,23.23,80.27,253.45,0.02,30.89,6.72,39.42,19.03,134.93,23.23,80.27,253.45
Germany,DEU,2010,0.03,33.92,11.96,38.55,20.95,140.56,26.59,88.76,262.89,0.03,33.92,11.96,38.55,20.95,140.56,26.59,88.76,262.89
Germany,DEU,2011,0.02,36.89,19.99,49.86,17.67,107.97,24.47,85.67,262.46,0.02,36.89,19.99,49.86,17.67,107.97,24.47,85.67,262.46
Germany,DEU,2012,0.03,43.2,26.74,51.68,21.75,99.46,24.77,75.95,276.23,0.03,43.2,26.74,51.68,21.75,99.46,24.77,75.95,276.23
Germany,DEU,2013,0.08,45.51,30.62,52.74,23,97.29,25.25,67,288.2,0.08,45.51,30.62,52.74,23,97.29,25.25,67,288.2
Germany,DEU,2014,0.1,48.29,35.45,58.5,19.59,97.13,24.67,60.61,274.41,0.1,48.29,35.45,58.5,19.59,97.13,24.67,60.61,274.41
Germany,DEU,2015,0.13,50.33,38.08,80.62,18.98,91.79,25.57,61.47,272.2,0.13,50.33,38.08,80.62,18.98,91.79,25.57,61.47,272.2
Germany,DEU,2016,0.17,50.93,37.56,79.92,20.55,84.63,25.39,80.62,261.75,0.17,50.93,37.56,79.92,20.55,84.63,25.39,80.62,261.75
Germany,DEU,2017,0.16,50.92,38.76,105.69,20.15,76.32,25.16,86.04,241.26,0.16,50.92,38.76,105.69,20.15,76.32,25.16,86.04,241.26
Germany,DEU,2018,0.18,50.79,44.32,109.95,17.69,76,23.63,81.56,228.16,0.18,50.79,44.32,109.95,17.69,76,23.63,81.56,228.16
Germany,DEU,2019,0.2,50.13,45.22,125.89,19.73,75.07,22.4,90,171.45,0.2,50.13,45.22,125.89,19.73,75.07,22.4,90,171.45
Germany,DEU,2020,0.23,50.93,49.5,132.11,18.72,64.38,21.28,95,134.6,0.23,50.93,49.5,132.11,18.72,64.38,21.28,95,134.6
Germany,DEU,2021,0.24,49.1,49.34,114.16,19.66,69.13,22.24,90.31,164.65,0.24,49.1,49.34,114.16,19.66,69.13,22.24,90.31,164.65
Germany,DEU,2022,0.21,48.6,60.3,124.81,17.62,34.71,21.65,79.05,179.93,0.21,48.6,60.3,124.81,17.62,34.71,21.65,79.05,179.93
Germany,DEU,2023,0.19,45.91,61.22,137.48,19.89,7.22,22.09,77.73,124.97,0.19,45.91,61.22,137.48,19.89,7.22,22.09,77.73,124.97
Germany,DEU,2024,0.19,45.91,70.99,133.44,23.41,0,19.43,79.15,104.35,0.19,45.91,70.99,133.44,23.41,0,19.43,79.15,104.35
Greece,GRC,1990,0,0,0,0,1.77,0,7.17,0.09,25.17,0,0,0,0,1.77,0,7.17,0.09,25.17
Greece,GRC,1991,0,0,0,0,3.1,0,8.3,0.09,23.7,0,0,0,0,3.1,0,8.3,0.09,23.7
Greece,GRC,1992,0,0,0,0.01,2.2,0,7.86,0.08,26.61,0,0,0,0.01,2.2,0,7.86,0.08,26.61
Greece,GRC,1993,0,0,0,0.05,2.28,0,7.53,0.08,27.79,0,0,0,0.05,2.28,0,7.53,0.08,27.79
Greece,GRC,1994,0,0,0,0.04,2.6,0,7.72,0.08,29.58,0,0,0,0.04,2.6,0,7.72,0.08,29.58
Greece,GRC,1995,0,0,0,0.03,3.53,0,8.6,0.08,28.7,0,0,0,0.03,3.53,0,8.6,0.08,28.7
Greece,GRC,1996,0,0,0,0.04,4.35,0,8.4,0.08,29.3,0,0,0,0.04,4.35,0,8.4,0.08,29.3
Greece,GRC,1997,0,0,0,0.04,3.88,0,7.93,0.33,30.63,0,0,0,0.04,3.88,0,7.93,0.33,30.63
Greece,GRC,1998,0,0,0,0.07,3.72,0,7.75,1.71,32.45,0,0,0,0.07,3.72,0,7.75,1.71,32.45
Greece,GRC,1999,0,0,0,0.16,4.59,0,7.85,3.91,32.38,0,0,0,0.16,4.59,0,7.85,3.91,32.38
Greece,GRC,2000,0,0,0,0.45,3.69,0,8.57,5.92,34.31,0,0,0,0.45,3.69,0,8.57,5.92,34.31
Greece,GRC,2001,0,0.08,0,0.76,2.1,0,8.04,6.13,35.43,0,0.08,0,0.76,2.1,0,8.04,6.13,35.43
Greece,GRC,2002,0,0.13,0,0.65,2.8,0,8.15,7.06,34.57,0,0.13,0,0.65,2.8,0,8.15,7.06,34.57
Greece,GRC,2003,0,0.1,0,1.02,4.77,0,8.2,8.02,35.17,0,0.1,0,1.02,4.77,0,8.2,8.02,35.17
Greece,GRC,2004,0,0.12,0,1.12,4.67,0,7.94,8.99,35.38,0,0.12,0,1.12,4.67,0,7.94,8.99,35.38
Greece,GRC,2005,0,0.12,0,1.27,5.02,0,8.61,8.17,35.54,0,0.12,0,1.27,5.02,0,8.61,8.17,35.54
Greece,GRC,2006,0,0.11,0,1.7,5.86,0,8.87,10.61,32.26,0,0.11,0,1.7,5.86,0,8.87,10.61,32.26
Greece,GRC,2007,0,0.18,0,1.82,2.59,0,8.97,14.16,34.68,0,0.18,0,1.82,2.59,0,8.97,14.16,34.68
Greece,GRC,2008,0,0.19,0.01,2.24,3.31,0,9.27,13.8,33.36,0,0.19,0.01,2.24,3.31,0,9.27,13.8,33.36
Greece,GRC,2009,0,0.22,0.05,2.54,5.35,0,6.97,11.02,34.19,0,0.22,0.05,2.54,5.35,0,6.97,11.02,34.19
Greece,GRC,2010,0,0.19,0.16,2.71,7.47,0,5.43,9.85,30.8,0,0.19,0.16,2.71,7.47,0,5.43,9.85,30.8
Greece,GRC,2011,0,0.21,0.61,3.32,4.01,0,5.16,14.07,31.07,0,0.21,0.61,3.32,4.01,0,5.16,14.07,31.07
Greece,GRC,2012,0,0.2,1.69,3.85,4.39,0,5.19,13.48,31.11,0,0.2,1.69,3.85,4.39,0,5.19,13.48,31.11
Greece,GRC,2013,0,0.22,3.65,4.14,6.35,0,4.73,10.88,26.4,0,0.22,3.65,4.14,6.35,0,4.73,10.88,26.4
Greece,GRC,2014,0,0.22,3.79,3.69,4.48,0,4.9,6.79,25.75,0,0.22,3.79,3.69,4.48,0,4.9,6.79,25.75
Greece,GRC,2015,0,0.23,3.9,4.62,6.1,0,5,9.09,22.11,0,0.23,3.9,4.62,6.1,0,5,9.09,22.11
Greece,GRC,2016,0,0.27,3.93,5.15,5.54,0,5.1,14.97,18.88,0,0.27,3.93,5.15,5.54,0,5.1,14.97,18.88
Greece,GRC,2017,0,0.31,3.99,5.54,3.96,0,5.11,17.13,18.76,0,0.31,3.99,5.54,3.96,0,5.11,17.13,18.76
Greece,GRC,2018,0,0.31,3.79,6.3,5.74,0,5.19,14.09,17.19,0,0.31,3.79,6.3,5.74,0,5.19,14.09,17.19
Greece,GRC,2019,0,0.4,4.43,7.27,4,0,5.23,14.5,12.12,0,0.4,4.43,7.27,4,0,5.23,14.5,12.12
Greece,GRC,2020,0,0.45,4.45,9.31,3.34,0,4.12,19.23,6.61,0,0.45,4.45,9.31,3.34,0,4.12,19.23,6.61
Greece,GRC,2021,0,0.5,5.25,10.48,5.9,0,4.3,22.49,5.32,0,0.5,5.25,10.48,5.9,0,4.3,22.49,5.32
Greece,GRC,2022,0,0.57,7.14,10.88,3.86,0,4.32,19.14,5.76,0,0.57,7.14,10.88,3.86,0,4.32,19.14,5.76
Greece,GRC,2023,0,0.65,8.89,10.92,3.82,0,3.98,15.98,4.59,0,0.65,8.89,10.92,3.82,0,3.98,15.98,4.59
Greece,GRC,2024,0,0.65,12.27,12.45,3.08,0,3.98,21.51,3.29,0,0.65,12.27,12.45,3.08,0,3.98,21.51,3.29
Hungary,HUN,1990,0,0.02,0,0,0.18,13.73,1.49,4.47,8.55,0,0.02,0,0,0.18,13.73,1.49,4.47,8.55
Hungary,HUN,1991,0,0.02,0,0,0.19,13.73,2.95,5.03,8.04,0,0.02,0,0,0.19,13.73,2.95,5.03,8.04
Hungary,HUN,1992,0,0.05,0,0,0.16,13.96,4.2,4.2,9.11,0,0.05,0,0,0.16,13.96,4.2,4.2,9.11
Hungary,HUN,1993,0,0.04,0,0,0.17,13.8,5.8,4.08,9.02,0,0.04,0,0,0.17,13.8,5.8,4.08,9.02
Hungary,HUN,1994,0,0.05,0,0,0.16,14.05,5.7,4.83,8.73,0,0.05,0,0,0.16,14.05,5.7,4.83,8.73
Hungary,HUN,1995,0,0.06,0,0,0.16,14.03,5.48,5.21,9.08,0,0.06,0,0,0.16,14.03,5.48,5.21,9.08
Hungary,HUN,1996,0,0.05,0,0,0.21,14.18,4.67,6.37,9.61,0,0.05,0,0,0.21,14.18,4.67,6.37,9.61
Hungary,HUN,1997,0,0.05,0,0,0.22,13.97,6.03,5.74,9.39,0,0.05,0,0,0.22,13.97,6.03,5.74,9.39
Hungary,HUN,1998,0,0.06,0,0,0.16,13.95,6.15,7.32,9.56,0,0.06,0,0,0.16,13.95,6.15,7.32,9.56
Hungary,HUN,1999,0,0.06,0,0,0.18,14.1,5.49,7.82,10.18,0,0.06,0,0,0.18,14.1,5.49,7.82,10.18
Hungary,HUN,2000,0,0.06,0,0,0.18,14.18,4.58,6.6,9.59,0,0.06,0,0,0.18,14.18,4.58,6.6,9.59
Hungary,HUN,2001,0,0.07,0,0,0.19,14.13,4.33,8.86,8.84,0,0.07,0,0,0.19,14.13,4.33,8.86,8.84
Hungary,HUN,2002,0,0.04,0,0,0.19,13.95,2.25,10.74,8.98,0,0.04,0,0,0.19,13.95,2.25,10.74,8.98
Hungary,HUN,2003,0,0.16,0,0,0.17,11.01,1.74,11.88,9.17,0,0.16,0,0,0.17,11.01,1.74,11.88,9.17
Hungary,HUN,2004,0,0.73,0,0.01,0.2,11.91,0.96,11.72,8.18,0,0.73,0,0.01,0.2,11.91,0.96,11.72,8.18
Hungary,HUN,2005,0,1.66,0,0.01,0.2,13.83,0.65,12.38,7.02,0,1.66,0,0.01,0.2,13.83,0.65,12.38,7.02
Hungary,HUN,2006,0,1.26,0,0.04,0.19,13.46,0.74,13.16,7,0,1.26,0,0.04,0.19,13.46,0.74,13.16,7
Hungary,HUN,2007,0,1.56,0,0.11,0.21,14.68,0.8,15.23,7.37,0,1.56,0,0.11,0.21,14.68,0.8,15.23,7.37
Hungary,HUN,2008,0,1.94,0,0.2,0.21,14.82,0.59,15.18,7.08,0,1.94,0,0.2,0.21,14.82,0.59,15.18,7.08
Hungary,HUN,2009,0,2.33,0,0.33,0.23,15.43,0.83,10.42,6.34,0,2.33,0,0.33,0.23,15.43,0.83,10.42,6.34
Hungary,HUN,2010,0,2.3,0,0.53,0.19,15.76,0.75,11.6,6.23,0,2.3,0,0.53,0.19,15.76,0.75,11.6,6.23
Hungary,HUN,2011,0,1.86,0,0.63,0.22,15.69,0.4,10.74,6.48,0,1.86,0,0.63,0.22,15.69,0.4,10.74,6.48
Hungary,HUN,2012,0,1.65,0.01,0.77,0.21,15.79,0.45,9.4,6.34,0,1.65,0.01,0.77,0.21,15.79,0.45,9.4,6.34
Hungary,HUN,2013,0,1.83,0.02,0.72,0.21,15.37,0.28,5.54,6.3,0,1.83,0.02,0.72,0.21,15.37,0.28,5.54,6.3
Hungary,HUN,2014,0,2.13,0.07,0.66,0.3,15.65,0.35,4.24,5.99,0,2.13,0.07,0.66,0.3,15.65,0.35,4.24,5.99
Hungary,HUN,2015,0,2.16,0.14,0.69,0.23,15.83,0.38,5.11,5.79,0,2.16,0.14,0.69,0.23,15.83,0.38,5.11,5.79
Hungary,HUN,2016,0,2.07,0.24,0.68,0.26,16.05,0.47,6.48,5.63,0,2.07,0.24,0.68,0.26,16.05,0.47,6.48,5.63
Hungary,HUN,2017,0,2.15,0.35,0.76,0.22,16.1,0.54,7.87,4.93,0,2.15,0.35,0.76,0.22,16.1,0.54,7.87,4.93
Hungary,HUN,2018,0.01,2.3,0.63,0.61,0.22,15.73,0.6,7.28,4.67,0.01,2.3,0.63,0.61,0.22,15.73,0.6,7.28,4.67
Hungary,HUN,2019,0.02,2.23,1.5,0.73,0.22,16.29,0.56,8.7,4.03,0.02,2.23,1.5,0.73,0.22,16.29,0.56,8.7,4.03
Hungary,HUN,2020,0.02,2.15,2.46,0.65,0.24,16.06,0.54,9.09,3.71,0.02,2.15,2.46,0.65,0.24,16.06,0.54,9.09,3.71
Hungary,HUN,2021,0.01,2.23,3.8,0.66,0.21,15.99,0.54,9.65,3.01,0.01,2.23,3.8,0.66,0.21,15.99,0.54,9.65,3.01
Hungary,HUN,2022,0,2.14,4.73,0.61,0.18,15.81,0.45,8.87,2.99,0,2.14,4.73,0.61,0.18,15.81,0.45,8.87,2.99
Hungary,HUN,2023,0.02,1.56,6.93,0.63,0.22,15.92,0.47,7.28,2.49,0.02,1.56,6.93,0.63,0.22,15.92,0.47,7.28,2.49
Hungary,HUN,2024,0.09,1.74,9.4,0.67,0.23,16.04,0.45,7.15,2.41,0.09,1.74,9.4,0.67,0.23,16.04,0.45,7.15,2.41
Iceland,ISL,2000,1.32,0,0,0,6.29,0,0,0,0,1.32,0,0,0,6.29,0,0,0,0
Iceland,ISL,2001,1.45,0,0,0,6.51,0,0,0,0,1.45,0,0,0,6.51,0,0,0,0
Iceland,ISL,2002,1.43,0,0,0,6.91,0,0.01,0,0,1.43,0,0,0,6.91,0,0.01,0,0
Iceland,ISL,2003,1.41,0,0,0,7.02,0,0.01,0,0,1.41,0,0,0,7.02,0,0.01,0,0
Iceland,ISL,2004,1.48,0,0,0,7.06,0,0,0,0,1.48,0,0,0,7.06,0,0,0,0
Iceland,ISL,2005,1.66,0,0,0,6.95,0,0,0,0,1.66,0,0,0,6.95,0,0,0,0
Iceland,ISL,2006,2.63,0,0,0,7.22,0,0,0,0,2.63,0,0,0,7.22,0,0,0,0
Iceland,ISL,2007,3.58,0,0,0,8.31,0,0,0,0,3.58,0,0,0,8.31,0,0,0,0
Iceland,ISL,2008,4.04,0,0,0,12.3,0,0,0,0,4.04,0,0,0,12.3,0,0,0,0
Iceland,ISL,2009,4.55,0,0,0,12.16,0,0,0,0,4.55,0,0,0,12.16,0,0,0,0
Iceland,ISL,2010,4.23,0,0,0,12.51,0,0,0,0,4.23,0,0,0,12.51,0,0,0,0
Iceland,ISL,2011,4.47,0,0,0,12.38,0,0,0,0,4.47,0,0,0,12.38,0,0,0,0
Iceland,ISL,2012,5.08,0,0,0,12.21,0,0,0,0,5.08,0,0,0,12.21,0,0,0,0
Iceland,ISL,2013,5.24,0,0,0,12.75,0,0,0,0,5.24,0,0,0,12.75,0,0,0,0
Iceland,ISL,2014,5.24,0,0,0.01,12.55,0,0,0,0,5.24,0,0,0.01,12.55,0,0,0,0
Iceland,ISL,2015,5,0,0,0.01,13.54,0,0,0,0,5,0,0,0.01,13.54,0,0,0,0
Iceland,ISL,2016,5.07,0,0,0.01,13.09,0,0,0,0,5.07,0,0,0.01,13.09,0,0,0,0
Iceland,ISL,2017,5.17,0,0,0.01,13.89,0,0,0,0,5.17,0,0,0.01,13.89,0,0,0,0
Iceland,ISL,2018,6.01,0,0,0,13.68,0,0,0,0,6.01,0,0,0,13.68,0,0,0,0
Iceland,ISL,2019,6.02,0,0,0.01,13.33,0,0,0,0,6.02,0,0,0.01,13.33,0,0,0,0
Iceland,ISL,2020,5.96,0,0,0.01,12.92,0,0,0,0,5.96,0,0,0.01,12.92,0,0,0,0
Iceland,ISL,2021,5.8,0,0,0.01,13.58,0,0,0,0,5.8,0,0,0.01,13.58,0,0,0,0
Iceland,ISL,2022,5.92,0,0,0.01,13.94,0,0,0,0,5.92,0,0,0.01,13.94,0,0,0,0
Iceland,ISL,2023,6.01,0,0,0.01,14.1,0,0,0,0,6.01,0,0,0.01,14.1,0,0,0,0
Ireland,IRL,1990,0,0,0,0,0.7,0,3.65,3.94,5.92,0,0,0,0,0.7,0,3.65,3.94,5.92
Ireland,IRL,1991,0,0,0,0,0.75,0,4.56,3.75,5.85,0,0,0,0,0.75,0,4.56,3.75,5.85
Ireland,IRL,1992,0,0,0,0.01,0.82,0,4.62,3.65,6.66,0,0,0,0.01,0.82,0,4.62,3.65,6.66
Ireland,IRL,1993,0,0,0,0.02,0.76,0,4.19,4.53,6.62,0,0,0,0.02,0.76,0,4.19,4.53,6.62
Ireland,IRL,1994,0,0,0,0.02,0.92,0,4.71,4.46,6.68,0,0,0,0.02,0.92,0,4.71,4.46,6.68
Ireland,IRL,1995,0,0,0,0.02,0.71,0,4.66,5.16,7.02,0,0,0,0.02,0.71,0,4.66,5.16,7.02
Ireland,IRL,1996,0,0.03,0,0.01,0.72,0,4.83,6.29,6.99,0,0.03,0,0.01,0.72,0,4.83,6.29,6.99
Ireland,IRL,1997,0,0.08,0,0.05,0.68,0,5.48,6.57,6.79,0,0.08,0,0.05,0.68,0,5.48,6.57,6.79
Ireland,IRL,1998,0,0.09,0,0.17,0.92,0,6.5,6.43,6.74,0,0.09,0,0.17,0.92,0,6.5,6.43,6.74
Ireland,IRL,1999,0,0.09,0,0.19,0.85,0,7.8,6.96,5.83,0,0.09,0,0.19,0.85,0,7.8,6.96,5.83
Ireland,IRL,2000,0,0.09,0,0.24,0.85,0,6.36,9.26,6.82,0,0.09,0,0.24,0.85,0,6.36,9.26,6.82
Ireland,IRL,2001,0,0.1,0,0.33,0.6,0,7.34,9.15,7.06,0,0.1,0,0.33,0.6,0,7.34,9.15,7.06
Ireland,IRL,2002,0,0.08,0,0.39,0.91,0,5.77,10.83,6.82,0,0.08,0,0.39,0.91,0,5.77,10.83,6.82
Ireland,IRL,2003,0,0.09,0,0.45,0.6,0,4.44,13.04,6.2,0,0.09,0,0.45,0.6,0,4.44,13.04,6.2
Ireland,IRL,2004,0,0.11,0,0.65,0.63,0,4.66,12.9,6.23,0,0.11,0,0.65,0.63,0,4.66,12.9,6.23
Ireland,IRL,2005,0,0.13,0,1.11,0.63,0,5.75,11.57,6.39,0,0.13,0,1.11,0.63,0,5.75,11.57,6.39
Ireland,IRL,2006,0,0.13,0,1.62,0.72,0,4.93,13.79,5.88,0,0.13,0,1.62,0.72,0,4.93,13.79,5.88
Ireland,IRL,2007,0,0.18,0,1.96,0.67,0,4.02,16.06,5.44,0,0.18,0,1.96,0.67,0,4.02,16.06,5.44
Ireland,IRL,2008,0,0.22,0,2.41,0.97,0,4.43,16.72,5.14,0,0.22,0,2.41,0.97,0,4.43,16.72,5.14
Ireland,IRL,2009,0,0.26,0,2.96,0.9,0,3.52,16.3,4,0,0.26,0,2.96,0.9,0,3.52,16.3,4
Ireland,IRL,2010,0,0.31,0,2.81,0.6,0,2.73,18.11,3.55,0,0.31,0,2.81,0.6,0,2.73,18.11,3.55
Ireland,IRL,2011,0,0.34,0,4.38,0.71,0,2.33,15.43,3.94,0,0.34,0,4.38,0.71,0,2.33,15.43,3.94
Ireland,IRL,2012,0,0.44,0,4.01,0.8,0,2.68,14.14,5.02,0,0.44,0,4.01,0.8,0,2.68,14.14,5.02
Ireland,IRL,2013,0,0.49,0,4.54,0.6,0,2.5,13.13,4.28,0,0.49,0,4.54,0.6,0,2.5,13.13,4.28
Ireland,IRL,2014,0,0.54,0,5.14,0.71,0,2.79,12.64,3.96,0,0.54,0,5.14,0.71,0,2.79,12.64,3.96
Ireland,IRL,2015,0,0.48,0,6.57,0.81,0,2.94,12.37,4.87,0,0.48,0,6.57,0.81,0,2.94,12.37,4.87
Ireland,IRL,2016,0,0.68,0,6.15,0.68,0,2.66,15.33,4.7,0,0.68,0,6.15,0.68,0,2.66,15.33,4.7
Ireland,IRL,2017,0,0.74,0.01,7.44,0.69,0,2.46,15.68,3.64,0,0.74,0.01,7.44,0.69,0,2.46,15.68,3.64
Ireland,IRL,2018,0,0.85,0.02,8.64,0.69,0,2.53,16.02,2.15,0,0.85,0.02,8.64,0.69,0,2.53,16.02,2.15
Ireland,IRL,2019,0,0.85,0.03,10.02,0.89,0,2.5,15.91,0.51,0,0.85,0.03,10.02,0.89,0,2.5,15.91,0.51
Ireland,IRL,2020,0,0.92,0.06,11.55,0.93,0,1.6,16.24,0.67,0,0.92,0.06,11.55,0.93,0,1.6,16.24,0.67
Ireland,IRL,2021,0,0.99,0.08,9.78,0.75,0,2.1,15.16,2.72,0,0.99,0.08,9.78,0.75,0,2.1,15.16,2.72
Ireland,IRL,2022,0,1.01,0.15,11.21,0.7,0,1.64,16.53,2.37,0,1.01,0.15,11.21,0.7,0,1.64,16.53,2.37
Ireland,IRL,2023,0,0.83,0.65,11.68,0.94,0,0.7,15.35,1.21,0,0.83,0.65,11.68,0.94,0,0.7,15.35,1.21
Ireland,IRL,2024,0,0.83,0.97,11.44,0.76,0,0.8,15.14,0.95,0,0.83,0.97,11.44,0.76,0,0.8,15.14,0.95
Italy,ITA,1985,0,0,0,0,41.092,7.024,76.174,24.712,30.023,0,0,0,0,41.092,7.024,76.174,24.712,30.023
Italy,ITA,1986,0,0,0,0,41.096,8.758,77.483,26.871,31.004,0,0,0,0,41.096,8.758,77.483,26.871,31.004
Italy,ITA,1987,0,0,0,0,39.505,0.174,89.941,31.732,33.035,0,0,0,0,39.505,0.174,89.941,31.732,33.035
Italy,ITA,1988,0,0,0,0,40.676,0,89.702,32.42,33.897,0,0,0,0,40.676,0,89.702,32.42,33.897
Italy,ITA,1989,0,0,0.002020202,0.002,34.057,0,102.784,34.407,31.867,0,0,0.002020202,0.002,34.057,0,102.784,34.407,31.867
Italy,ITA,1990,3.22,0.05,0,0,31.63,0,106.49,39.71,32.05,3.22,0.05,0,0,31.63,0,106.49,39.71,32.05
Italy,ITA,1991,3.18,0.11,0,0,42.24,0,108.06,36.34,28.5,3.18,0.11,0,0,42.24,0,108.06,36.34,28.5
Italy,ITA,1992,3.46,0.1,0.01,0,42.2,0,120.07,35.48,21.36,3.46,0.1,0.01,0,42.2,0,120.07,35.48,21.36
Italy,ITA,1993,3.67,0.12,0.01,0,41.42,0,117.9,39.96,16.66,3.67,0.12,0.01,0,41.42,0,117.9,39.96,16.66
Italy,ITA,1994,3.42,0.15,0.01,0.01,44.66,0,119.84,40.8,19.86,3.42,0.15,0.01,0.01,44.66,0,119.84,40.8,19.86
Italy,ITA,1995,3.44,0.22,0.01,0.01,37.78,0,124.79,47,24.12,3.44,0.22,0.01,0.01,37.78,0,124.79,47,24.12
Italy,ITA,1996,3.76,0.38,0.01,0.03,42.04,0,120.9,50.19,22.08,3.76,0.38,0.01,0.03,42.04,0,120.9,50.19,22.08
Italy,ITA,1997,3.9,0.56,0.01,0.12,41.6,0,118.51,61.29,20.51,3.9,0.56,0.01,0.12,41.6,0,118.51,61.29,20.51
Italy,ITA,1998,4.21,0.8,0.02,0.23,41.22,0,112.99,70.88,23.31,4.21,0.8,0.02,0.23,41.22,0,112.99,70.88,23.31
Italy,ITA,1999,4.4,1.13,0.02,0.4,45.37,0,97.14,86.98,23.81,4.4,1.13,0.02,0.4,45.37,0,97.14,86.98,23.81
Italy,ITA,2000,4.7,1.39,0.02,0.56,44.2,0,91.43,101.36,26.28,4.7,1.39,0.02,0.56,44.2,0,91.43,101.36,26.28
Italy,ITA,2001,4.51,1.83,0.02,1.18,46.81,0,81.63,104.19,31.73,4.51,1.83,0.02,1.18,46.81,0,81.63,104.19,31.73
Italy,ITA,2002,4.66,2.71,0.02,1.4,39.52,0,94.36,99.41,35.45,4.66,2.71,0.02,1.4,39.52,0,94.36,99.41,35.45
Italy,ITA,2003,5.34,3.37,0.02,1.46,36.67,0,83.3,117.3,38.81,5.34,3.37,0.02,1.46,36.67,0,83.3,117.3,38.81
Italy,ITA,2004,5.44,4.22,0.03,1.84,42.34,0,64.48,129.84,45.52,5.44,4.22,0.03,1.84,42.34,0,64.48,129.84,45.52
Italy,ITA,2005,5.32,4.67,0.03,2.34,36.07,0,53.26,149.33,43.61,5.32,4.67,0.03,2.34,36.07,0,53.26,149.33,43.61
Italy,ITA,2006,5.53,5.11,0.04,2.97,36.99,0,52.62,158.14,44.21,5.53,5.11,0.04,2.97,36.99,0,52.62,158.14,44.21
Italy,ITA,2007,5.57,5.26,0.04,4.03,32.82,0,41.63,172.71,44.11,5.57,5.26,0.04,4.03,32.82,0,41.63,172.71,44.11
Italy,ITA,2008,5.52,5.97,0.19,4.86,41.62,0,37.57,172.77,43.07,5.52,5.97,0.19,4.86,41.62,0,37.57,172.77,43.07
Italy,ITA,2009,5.34,7.56,0.68,6.54,49.14,0,30,147.36,39.74,5.34,7.56,0.68,6.54,49.14,0,30,147.36,39.74
Italy,ITA,2010,5.38,9.44,1.91,9.12,51.12,0,27.12,152.81,39.73,5.38,9.44,1.91,9.12,51.12,0,27.12,152.81,39.73
Italy,ITA,2011,5.65,10.83,10.8,9.85,45.82,0,26.09,144.6,44.73,5.65,10.83,10.8,9.85,45.82,0,26.09,144.6,44.73
Italy,ITA,2012,5.59,12.49,18.86,13.41,41.87,0,24.75,129.14,49.14,5.59,12.49,18.86,13.41,41.87,0,24.75,129.14,49.14
Italy,ITA,2013,5.66,17.08,21.59,14.9,52.77,0,20.01,108.91,45.1,5.66,17.08,21.59,14.9,52.77,0,20.01,108.91,45.1
Italy,ITA,2014,5.92,18.72,22.31,15.18,58.55,0,18.74,93.66,43.45,5.92,18.72,22.31,15.18,58.55,0,18.74,93.66,43.45
Italy,ITA,2015,6.18,19.39,22.94,14.84,45.54,0,16.73,110.88,43.2,6.18,19.39,22.94,14.84,45.54,0,16.73,110.88,43.2
Italy,ITA,2016,6.29,19.5,22.1,17.69,42.43,0,16.16,126.17,35.61,6.29,19.5,22.1,17.69,42.43,0,16.16,126.17,35.61
Italy,ITA,2017,6.2,19.37,24.38,17.74,36.2,0,15.21,140.36,32.63,6.2,19.37,24.38,17.74,36.2,0,15.21,140.36,32.63
Italy,ITA,2018,6.11,19.14,22.65,17.72,48.79,0,14.62,128.56,28.47,6.11,19.14,22.65,17.72,48.79,0,14.62,128.56,28.47
Italy,ITA,2019,6.07,19.55,23.69,20.2,46.32,0,13.62,141.7,18.84,6.07,19.55,23.69,20.2,46.32,0,13.62,141.7,18.84
Italy,ITA,2020,6.03,19.62,24.94,18.76,47.55,0,12.83,133.7,13.38,6.03,19.62,24.94,18.76,47.55,0,12.83,133.7,13.38
Italy,ITA,2021,5.91,19.06,25.04,20.93,45.39,0,11.13,144.01,14.02,5.91,19.06,25.04,20.93,45.39,0,11.13,144.01,14.02
Italy,ITA,2022,5.84,17.61,28.12,20.49,28.4,0,15.63,141.47,22.61,5.84,17.61,28.12,20.49,28.4,0,15.63,141.47,22.61
Italy,ITA,2023,5.69,16.01,30.71,23.72,40.52,0,12.79,119.02,13.22,5.69,16.01,30.71,23.72,40.52,0,12.79,119.02,13.22
Italy,ITA,2024,5.6,15.95,35.81,22.37,50.78,0,13.04,116.44,4.64,5.6,15.95,35.81,22.37,50.78,0,13.04,116.44,4.64
Latvia,LVA,1990,0,0,0,0,4.5,0,0.42,1.73,0,0,0,0,0,4.5,0,0.42,1.73,0
Latvia,LVA,1991,0,0,0,0,3.28,0,0.56,1.81,0,0,0,0,0,3.28,0,0.56,1.81,0
Latvia,LVA,1992,0,0,0,0,2.52,0,0.17,1.15,0,0,0,0,0,2.52,0,0.17,1.15,0
Latvia,LVA,1993,0,0,0,0,2.88,0,0.49,0.56,0,0,0,0,0,2.88,0,0.49,0.56,0
Latvia,LVA,1994,0,0,0,0,3.31,0,0.82,0.31,0,0,0,0,0,3.31,0,0.82,0.31,0
Latvia,LVA,1995,0,0,0,0,2.94,0,0.52,0.53,0,0,0,0,0,2.94,0,0.52,0.53,0
Latvia,LVA,1996,0,0,0,0,1.86,0,0.74,0.52,0,0,0,0,0,1.86,0,0.74,0.52,0
Latvia,LVA,1997,0,0,0,0,2.95,0,0.31,1.25,0,0,0,0,0,2.95,0,0.31,1.25,0
Latvia,LVA,1998,0,0,0,0,4.32,0,0.4,1.08,0,0,0,0,0,4.32,0,0.4,1.08,0
Latvia,LVA,1999,0,0,0,0,2.76,0,0.4,0.95,0,0,0,0,0,2.76,0,0.4,0.95,0
Latvia,LVA,2000,0,0,0,0,2.82,0,0.19,1.13,0,0,0,0,0,2.82,0,0.19,1.13,0
Latvia,LVA,2001,0,0,0,0,2.83,0,0.14,1.3,0,0,0,0,0,2.83,0,0.14,1.3,0
Latvia,LVA,2002,0,0.01,0,0.01,2.46,0,0.18,1.31,0,0,0.01,0,0.01,2.46,0,0.18,1.31,0
Latvia,LVA,2003,0,0.02,0,0.05,2.27,0,0.1,1.53,0,0,0.02,0,0.05,2.27,0,0.1,1.53,0
Latvia,LVA,2004,0,0.04,0,0.05,3.11,0,0.06,1.43,0,0,0.04,0,0.05,3.11,0,0.06,1.43,0
Latvia,LVA,2005,0,0.04,0,0.05,3.33,0,0.01,1.49,0,0,0.04,0,0.05,3.33,0,0.01,1.49,0
Latvia,LVA,2006,0,0.04,0,0.05,2.7,0,0,2.1,0,0,0.04,0,0.05,2.7,0,0,2.1,0
Latvia,LVA,2007,0,0.04,0,0.05,2.73,0,0.02,1.92,0,0,0.04,0,0.05,2.73,0,0.02,1.92,0
Latvia,LVA,2008,0,0.04,0,0.06,3.11,0,0,2.06,0,0,0.04,0,0.06,3.11,0,0,2.06,0
Latvia,LVA,2009,0,0.05,0,0.05,3.46,0,0,2.01,0,0,0.05,0,0.05,3.46,0,0,2.01,0
Latvia,LVA,2010,0,0.07,0,0.05,3.52,0,0,2.99,0,0,0.07,0,0.05,3.52,0,0,2.99,0
Latvia,LVA,2011,0,0.12,0,0.07,2.89,0,0,3.01,0,0,0.12,0,0.07,2.89,0,0,3.01,0
Latvia,LVA,2012,0,0.29,0,0.11,3.71,0,0,2.06,0,0,0.29,0,0.11,3.71,0,0,2.06,0
Latvia,LVA,2013,0,0.5,0,0.12,2.91,0,0,2.67,0,0,0.5,0,0.12,2.91,0,0,2.67,0
Latvia,LVA,2014,0,0.67,0,0.14,1.99,0,0,2.34,0,0,0.67,0,0.14,1.99,0,0,2.34,0
Latvia,LVA,2015,0,0.77,0,0.15,1.86,0,0,2.76,0,0,0.77,0,0.15,1.86,0,0,2.76,0
Latvia,LVA,2016,0,0.82,0,0.13,2.53,0,0,2.94,0,0,0.82,0,0.13,2.53,0,0,2.94,0
Latvia,LVA,2017,0,0.93,0,0.15,4.38,0,0,2.07,0,0,0.93,0,0.15,4.38,0,0,2.07,0
Latvia,LVA,2018,0,0.94,0,0.12,2.43,0,0.01,3.22,0,0,0.94,0,0.12,2.43,0,0.01,3.22,0
Latvia,LVA,2019,0,0.93,0,0.15,2.11,0,0,3.25,0,0,0.93,0,0.15,2.11,0,0,3.25,0
Latvia,LVA,2020,0,0.86,0,0.18,2.6,0,0,2.08,0,0,0.86,0,0.18,2.6,0,0,2.08,0
Latvia,LVA,2021,0,0.86,0.01,0.14,2.71,0,0,2.13,0,0,0.86,0.01,0.14,2.71,0,0,2.13,0
Latvia,LVA,2022,0,0.8,0.08,0.19,2.75,0,0,1.21,0,0,0.8,0.08,0.19,2.75,0,0,1.21,0
Latvia,LVA,2023,0,0.66,0.24,0.26,3.79,0,0,1.42,0,0,0.66,0.24,0.26,3.79,0,0,1.42,0
Latvia,LVA,2024,0,0.78,0.51,0.27,3.24,0,0,1.66,0,0,0.78,0.51,0.27,3.24,0,0,1.66,0
Lithuania,LTU,1990,0,0,0,0,0.41,17.03,4.19,6.77,0,0,0,0,0,0.41,17.03,4.19,6.77,0
Lithuania,LTU,1991,0,0,0,0,0.34,17,5.74,6.29,0,0,0,0,0,0.34,17,5.74,6.29,0
Lithuania,LTU,1992,0,0,0,0,0.31,14.64,2.34,1.26,0,0,0,0,0,0.31,14.64,2.34,1.26,0
Lithuania,LTU,1993,0,0,0,0,0.39,12.26,1.02,0.26,0,0,0,0,0,0.39,12.26,1.02,0.26,0
Lithuania,LTU,1994,0,0,0,0,0.45,7.71,1.27,0.33,0,0,0,0,0,0.45,7.71,1.27,0.33,0
Lithuania,LTU,1995,0,0,0,0,0.37,11.82,1.1,0.23,0,0,0,0,0,0.37,11.82,1.1,0.23,0
Lithuania,LTU,1996,0,0,0,0,0.33,13.94,1.32,0.65,0,0,0,0,0,0.33,13.94,1.32,0.65,0
Lithuania,LTU,1997,0,0,0,0,0.3,12.02,1.58,0.49,0,0,0,0,0,0.3,12.02,1.58,0.49,0
Lithuania,LTU,1998,0,0,0,0,0.42,13.55,2.9,0.28,0,0,0,0,0,0.42,13.55,2.9,0.28,0
Lithuania,LTU,1999,0,0,0,0,0.41,9.86,1.81,1,0,0,0,0,0,0.41,9.86,1.81,1,0
Lithuania,LTU,2000,0,0,0,0,0.34,8.42,0.75,1.62,0,0,0,0,0,0.34,8.42,0.75,1.62,0
Lithuania,LTU,2001,0,0,0,0,0.33,11.36,0.79,1.88,0,0,0,0,0,0.33,11.36,0.79,1.88,0
Lithuania,LTU,2002,0,0,0,0,0.35,14.14,0.69,2.11,0,0,0,0,0,0.35,14.14,0.69,2.11,0
Lithuania,LTU,2003,0,0.01,0,0,0.32,15.48,0.49,2.52,0,0,0.01,0,0,0.32,15.48,0.49,2.52,0
Lithuania,LTU,2004,0,0.01,0,0,0.42,15.1,0.53,2.69,0,0,0.01,0,0,0.42,15.1,0.53,2.69,0
Lithuania,LTU,2005,0,0.01,0,0,0.45,10.34,0.6,3.02,0,0,0.01,0,0,0.45,10.34,0.6,3.02,0
Lithuania,LTU,2006,0,0.02,0,0.01,0.4,8.65,0.53,2.46,0,0,0.02,0,0.01,0.4,8.65,0.53,2.46,0
Lithuania,LTU,2007,0,0.05,0,0.11,0.42,9.83,0.65,2.4,0,0,0.05,0,0.11,0.42,9.83,0.65,2.4,0
Lithuania,LTU,2008,0,0.07,0,0.13,0.4,9.89,0.81,2.03,0,0,0.07,0,0.13,0.4,9.89,0.81,2.03,0
Lithuania,LTU,2009,0,0.1,0,0.16,0.42,10.85,1.01,2.1,0,0,0.1,0,0.16,0.42,10.85,1.01,2.1,0
Lithuania,LTU,2010,0,0.15,0,0.22,0.54,0,0.9,3.19,0,0,0.15,0,0.22,0.54,0,0.9,3.19,0
Lithuania,LTU,2011,0,0.16,0,0.47,0.48,0,0.47,2.67,0,0,0.16,0,0.47,0.48,0,0.47,2.67,0
Lithuania,LTU,2012,0,0.22,0,0.54,0.42,0,0.44,2.88,0,0,0.22,0,0.54,0.42,0,0.44,2.88,0
Lithuania,LTU,2013,0,0.36,0.05,0.6,0.52,0,0.44,2.22,0,0,0.36,0.05,0.6,0.52,0,0.44,2.22,0
Lithuania,LTU,2014,0,0.4,0.07,0.64,0.4,0,0.43,1.75,0,0,0.4,0.07,0.64,0.4,0,0.43,1.75,0
Lithuania,LTU,2015,0,0.45,0.07,0.81,0.35,0,0.57,1.98,0,0,0.45,0.07,0.81,0.35,0,0.57,1.98,0
Lithuania,LTU,2016,0,0.44,0.07,1.14,0.45,0,0.54,0.99,0,0,0.44,0.07,1.14,0.45,0,0.54,0.99,0
Lithuania,LTU,2017,0,0.5,0.07,1.36,0.6,0,0.43,0.6,0,0,0.5,0.07,1.36,0.6,0,0.43,0.6,0
Lithuania,LTU,2018,0,0.54,0.09,1.14,0.43,0,0.39,0.33,0,0,0.54,0.09,1.14,0.43,0,0.39,0.33,0
Lithuania,LTU,2019,0,0.53,0.09,1.5,0.35,0,0.35,0.52,0,0,0.53,0.09,1.5,0.35,0,0.35,0.52,0
Lithuania,LTU,2020,0,0.59,0.13,1.55,0.3,0,0.43,1.7,0,0,0.59,0.13,1.55,0.3,0,0.43,1.7,0
Lithuania,LTU,2021,0,0.69,0.19,1.36,0.38,0,0.46,1.22,0,0,0.69,0.19,1.36,0.38,0,0.46,1.22,0
Lithuania,LTU,2022,0,0.71,0.34,1.51,0.46,0,0.51,0.51,0,0,0.71,0.34,1.51,0.46,0,0.51,0.51,0
Lithuania,LTU,2023,0,0.76,0.69,2.45,0.45,0,0.28,0.58,0,0,0.76,0.69,2.45,0.45,0,0.28,0.58,0
Lithuania,LTU,2024,0,0.72,1.41,3.32,0.43,0,0.68,0.76,0,0,0.72,1.41,3.32,0.43,0,0.68,0.76,0
Luxembourg,LUX,1990,0,0.01,0,0,0.07,0,0.51,0.03,0,0,0.01,0,0,0.07,0,0.51,0.03,0
Luxembourg,LUX,1991,0,0.01,0,0,0.08,0,0.58,0.03,0,0,0.01,0,0,0.08,0,0.58,0.03,0
Luxembourg,LUX,1992,0,0.01,0,0,0.07,0,0.55,0.03,0,0,0.01,0,0,0.07,0,0.55,0.03,0
Luxembourg,LUX,1993,0,0.01,0,0,0.07,0,0.57,0.02,0,0,0.01,0,0,0.07,0,0.57,0.02,0
Luxembourg,LUX,1994,0,0.02,0,0,0.09,0,0.43,0.05,0,0,0.02,0,0,0.09,0,0.43,0.05,0
Luxembourg,LUX,1995,0,0.02,0,0,0.09,0,0.23,0.15,0,0,0.02,0,0,0.09,0,0.23,0.15,0
Luxembourg,LUX,1996,0,0.02,0,0,0.06,0,0.18,0.19,0,0,0.02,0,0,0.06,0,0.18,0.19,0
Luxembourg,LUX,1997,0,0.02,0,0,0.08,0,0.13,0.18,0,0,0.02,0,0,0.08,0,0.13,0.18,0
Luxembourg,LUX,1998,0,0.02,0,0.01,0.12,0,0.03,0.19,0,0,0.02,0,0.01,0.12,0,0.03,0.19,0
Luxembourg,LUX,1999,0,0.02,0,0.02,0.09,0,0.03,0.2,0,0,0.02,0,0.02,0.09,0,0.03,0.2,0
Luxembourg,LUX,2000,0,0.02,0,0.02,0.12,0,0.03,0.21,0,0,0.02,0,0.02,0.12,0,0.03,0.21,0
Luxembourg,LUX,2001,0,0.03,0,0.02,0.12,0,0.03,0.67,0,0,0.03,0,0.02,0.12,0,0.03,0.67,0
Luxembourg,LUX,2002,0,0.03,0,0.02,0.1,0,0.03,2.62,0,0,0.03,0,0.02,0.1,0,0.03,2.62,0
Luxembourg,LUX,2003,0,0.03,0,0.03,0.08,0,0.03,2.62,0,0,0.03,0,0.03,0.08,0,0.03,2.62,0
Luxembourg,LUX,2004,0,0.04,0.01,0.04,0.1,0,0.03,3.15,0,0,0.04,0.01,0.04,0.1,0,0.03,3.15,0
Luxembourg,LUX,2005,0,0.05,0.02,0.05,0.09,0,0.03,3.11,0,0,0.05,0.02,0.05,0.09,0,0.03,3.11,0
Luxembourg,LUX,2006,0,0.06,0.02,0.06,0.11,0,0.04,3.25,0,0,0.06,0.02,0.06,0.11,0,0.04,3.25,0
Luxembourg,LUX,2007,0,0.06,0.02,0.06,0.12,0,0.04,2.89,0,0,0.06,0.02,0.06,0.12,0,0.04,2.89,0
Luxembourg,LUX,2008,0,0.07,0.02,0.06,0.13,0,0.04,2.4,0,0,0.07,0.02,0.06,0.13,0,0.04,2.4,0
Luxembourg,LUX,2009,0,0.08,0.02,0.06,0.11,0,0.04,2.84,0,0,0.08,0.02,0.06,0.11,0,0.04,2.84,0
Luxembourg,LUX,2010,0,0.08,0.02,0.06,0.11,0,0.05,2.92,0,0,0.08,0.02,0.06,0.11,0,0.05,2.92,0
Luxembourg,LUX,2011,0,0.09,0.03,0.06,0.06,0,0.06,2.34,0,0,0.09,0.03,0.06,0.06,0,0.06,2.34,0
Luxembourg,LUX,2012,0,0.09,0.04,0.08,0.1,0,0.06,2.39,0,0,0.09,0.04,0.08,0.1,0,0.06,2.39,0
Luxembourg,LUX,2013,0,0.09,0.07,0.08,0.12,0,0.06,1.42,0,0,0.09,0.07,0.08,0.12,0,0.06,1.42,0
Luxembourg,LUX,2014,0,0.12,0.09,0.08,0.11,0,0.06,1.45,0,0,0.12,0.09,0.08,0.11,0,0.06,1.45,0
Luxembourg,LUX,2015,0,0.13,0.1,0.1,0.1,0,0.07,0.84,0,0,0.13,0.1,0.1,0.1,0,0.07,0.84,0
Luxembourg,LUX,2016,0,0.14,0.1,0.1,0.12,0,0.07,0.26,0,0,0.14,0.1,0.1,0.12,0,0.07,0.26,0
Luxembourg,LUX,2017,0,0.17,0.11,0.23,0.09,0,0.08,0.22,0,0,0.17,0.11,0.23,0.09,0,0.08,0.22,0
Luxembourg,LUX,2018,0,0.22,0.12,0.25,0.09,0,0.08,0.2,0,0,0.22,0.12,0.25,0.09,0,0.08,0.2,0
Luxembourg,LUX,2019,0,0.28,0.13,0.28,0.11,0,0.08,0.19,0,0,0.28,0.13,0.28,0.11,0,0.08,0.19,0
Luxembourg,LUX,2020,0,0.37,0.16,0.35,0.09,0,0.07,0.18,0,0,0.37,0.16,0.35,0.09,0,0.07,0.18,0
Luxembourg,LUX,2021,0,0.39,0.18,0.31,0.11,0,0.07,0.17,0,0,0.39,0.18,0.31,0.11,0,0.07,0.17,0
Luxembourg,LUX,2022,0,0.38,0.28,0.31,0.06,0,0.07,0.1,0,0,0.38,0.28,0.31,0.06,0,0.07,0.1,0
Luxembourg,LUX,2023,0,0.37,0.29,0.49,0.09,0,0.06,0.09,0,0,0.37,0.29,0.49,0.09,0,0.06,0.09,0
Luxembourg,LUX,2024,0,0.47,0.35,0.45,0.14,0,0.07,0.08,0,0,0.47,0.35,0.45,0.14,0,0.07,0.08,0
Netherlands,NLD,1985,0,0,0,0,0.003,3.899,3.258,38.213,14.833,0,0,0,0,0.003,3.899,3.258,38.213,14.833
Netherlands,NLD,1986,0,0,0,0.001,0.003,4.216,3.456,41.502,15.138,0,0,0,0.001,0.003,4.216,3.456,41.502,15.138
Netherlands,NLD,1987,0,0,0,0.002,0.001,3.556,3.659,41.292,16.948,0,0,0,0.002,0.001,3.556,3.659,41.292,16.948
Netherlands,NLD,1988,0,0,0,0.016,0.002,3.675,3.796,36.428,22.255,0,0,0,0.016,0.002,3.675,3.796,36.428,22.255
Netherlands,NLD,1989,0,0,0,0.023,0.037,4.019,3.307,39.93,22.156,0,0,0,0.023,0.037,4.019,3.307,39.93,22.156
Netherlands,NLD,1990,0,0.67,0,0.06,0.09,3.5,4.84,36.53,25.01,0,0.67,0,0.06,0.09,3.5,4.84,36.53,25.01
Netherlands,NLD,1991,0,0.74,0,0.09,0.1,3.33,5.29,41.01,22.66,0,0.74,0,0.09,0.1,3.33,5.29,41.01,22.66
Netherlands,NLD,1992,0,0.73,0,0.15,0.12,3.8,4.95,43.46,22.63,0,0.73,0,0.15,0.12,3.8,4.95,43.46,22.63
Netherlands,NLD,1993,0,0.84,0,0.17,0.09,3.95,5.3,44.12,21.41,0,0.84,0,0.17,0.09,3.95,5.3,44.12,21.41
Netherlands,NLD,1994,0,0.92,0,0.24,0.1,3.97,5.38,43.54,24.11,0,0.92,0,0.24,0.1,3.97,5.38,43.54,24.11
Netherlands,NLD,1995,0,1,0,0.32,0.09,4.02,4.94,42.01,27.4,0,1,0,0.32,0.09,4.02,4.94,42.01,27.4
Netherlands,NLD,1996,0,1.3,0,0.44,0.08,4.16,5.19,47.08,25.82,0,1.3,0,0.44,0.08,4.16,5.19,47.08,25.82
Netherlands,NLD,1997,0,1.45,0,0.47,0.09,2.41,5.58,50.66,24.44,0,1.45,0,0.47,0.09,2.41,5.58,50.66,24.44
Netherlands,NLD,1998,0,1.57,0,0.64,0.11,3.81,5.77,51.06,26.43,0,1.57,0,0.64,0.11,3.81,5.77,51.06,26.43
Netherlands,NLD,1999,0,1.77,0.01,0.64,0.09,3.83,5.75,51.15,21.92,0,1.77,0.01,0.64,0.09,3.83,5.75,51.15,21.92
Netherlands,NLD,2000,0,1.99,0.01,0.83,0.14,3.93,5.36,51.52,24.28,0,1.99,0.01,0.83,0.14,3.93,5.36,51.52,24.28
Netherlands,NLD,2001,0,2.35,0.01,0.83,0.12,3.98,5.6,53.77,25.48,0,2.35,0.01,0.83,0.12,3.98,5.6,53.77,25.48
Netherlands,NLD,2002,0,2.9,0.02,0.95,0.11,3.91,5.48,55.28,25.99,0,2.9,0.02,0.95,0.11,3.91,5.48,55.28,25.99
Netherlands,NLD,2003,0,2.54,0.03,1.32,0.07,4.02,5.9,55.02,26.57,0,2.54,0.03,1.32,0.07,4.02,5.9,55.02,26.57
Netherlands,NLD,2004,0,3.31,0.03,1.87,0.09,3.82,5.76,59.99,24.95,0,3.31,0.03,1.87,0.09,3.82,5.76,59.99,24.95
Netherlands,NLD,2005,0,5.26,0.04,2.07,0.09,4,5.97,57.6,23.5,0,5.26,0.04,2.07,0.09,4,5.97,57.6,23.5
Netherlands,NLD,2006,0,5.17,0.04,2.74,0.11,3.47,5.11,57.14,23.74,0,5.17,0.04,2.74,0.11,3.47,5.11,57.14,23.74
Netherlands,NLD,2007,0,4,0.04,3.44,0.11,4.2,5.96,61.01,24.92,0,4,0.04,3.44,0.11,4.2,5.96,61.01,24.92
Netherlands,NLD,2008,0,5.13,0.04,4.26,0.1,4.17,5.67,63.36,23.48,0,5.13,0.04,4.26,0.1,4.17,5.67,63.36,23.48
Netherlands,NLD,2009,0,6.11,0.04,4.58,0.1,4.25,4.12,68.87,24.28,0,6.11,0.04,4.58,0.1,4.25,4.12,68.87,24.28
Netherlands,NLD,2010,0,7.04,0.06,3.99,0.1,3.97,5.02,75.33,22.59,0,7.04,0.06,3.99,0.1,3.97,5.02,75.33,22.59
Netherlands,NLD,2011,0,7.06,0.1,5.1,0.06,4.14,5.32,69.47,21.39,0,7.06,0.1,5.1,0.06,4.14,5.32,69.47,21.39
Netherlands,NLD,2012,0,7.2,0.19,4.98,0.1,3.91,5.12,56.56,24.21,0,7.2,0.19,4.98,0.1,3.91,5.12,56.56,24.21
Netherlands,NLD,2013,0,5.95,0.41,5.63,0.11,2.89,4.89,56.07,24.61,0,5.95,0.41,5.63,0.11,2.89,4.89,56.07,24.61
Netherlands,NLD,2014,0,5.01,0.73,5.8,0.11,4.09,5.35,51.52,29.49,0,5.01,0.73,5.8,0.11,4.09,5.35,51.52,29.49
Netherlands,NLD,2015,0,4.94,1.11,7.55,0.09,4.08,6.02,45.81,39.39,0,4.94,1.11,7.55,0.09,4.08,6.02,45.81,39.39
Netherlands,NLD,2016,0,4.91,1.6,8.17,0.1,3.96,5.87,52.53,36.82,0,4.91,1.6,8.17,0.1,3.96,5.87,52.53,36.82
Netherlands,NLD,2017,0,4.6,2.2,10.57,0.06,3.4,6.1,57.73,31.38,0,4.6,2.2,10.57,0.06,3.4,6.1,57.73,31.38
Netherlands,NLD,2018,0,4.55,3.71,10.55,0.07,3.51,5.5,57.63,27.58,0,4.55,3.71,10.55,0.07,3.51,5.5,57.63,27.58
Netherlands,NLD,2019,0,5.82,5.4,11.51,0.07,3.91,4.93,70.72,17.69,0,5.82,5.4,11.51,0.07,3.91,4.93,70.72,17.69
Netherlands,NLD,2020,0,8.84,8.57,15.27,0.05,4.09,5,72.52,7.62,0,8.84,8.57,15.27,0.05,4.09,5,72.52,7.62
Netherlands,NLD,2021,0,10.92,11.3,18.04,0.09,3.83,5.33,56.69,14.6,0,10.92,11.3,18.04,0.09,3.83,5.33,56.69,14.6
Netherlands,NLD,2022,0,9.82,16.66,21.4,0.05,4.16,5.16,47.74,14.8,0,9.82,16.66,21.4,0.05,4.16,5.16,47.74,14.8
Netherlands,NLD,2023,0,7.61,19.58,29.27,0.07,3.99,4.33,45.95,8.71,0,7.61,19.58,29.27,0.07,3.99,4.33,45.95,8.71
Netherlands,NLD,2024,0.04,7.26,21.65,33.04,0.1,3.6,4.4,44.03,8.18,0.04,7.26,21.65,33.04,0.1,3.6,4.4,44.03,8.18
Norway,NOR,1990,0,0.21,0,0,121.14,0,0.21,0,0.04,0,0.21,0,0,121.14,0,0.21,0,0.04
Norway,NOR,1991,0,0.21,0,0,110.13,0,0.17,0,0.05,0,0.21,0,0,110.13,0,0.17,0,0.05
Norway,NOR,1992,0,0.23,0,0,116.67,0,0.16,0,0.05,0,0.23,0,0,116.67,0,0.16,0,0.05
Norway,NOR,1993,0,0.24,0,0.01,119.23,0,0.18,0.01,0.05,0,0.24,0,0.01,119.23,0,0.18,0.01,0.05
Norway,NOR,1994,0,0.27,0,0.01,111.64,0,0.19,0.15,0.06,0,0.27,0,0.01,111.64,0,0.19,0.15,0.06
Norway,NOR,1995,0,0.29,0,0.01,121.53,0,0.17,0.19,0.06,0,0.29,0,0.01,121.53,0,0.17,0.19,0.06
Norway,NOR,1996,0,0.3,0,0.01,103.86,0,0.19,0.28,0.05,0,0.3,0,0.01,103.86,0,0.19,0.28,0.05
Norway,NOR,1997,0,0.24,0,0.01,109.78,0,0.19,0.24,0.04,0,0.24,0,0.01,109.78,0,0.19,0.24,0.04
Norway,NOR,1998,0,0.27,0,0.01,115.7,0,0.18,0.22,0.04,0,0.27,0,0.01,115.7,0,0.18,0.22,0.04
Norway,NOR,1999,0,0.27,0,0.03,121.45,0,0.22,0.28,0.04,0,0.27,0,0.03,121.45,0,0.22,0.28,0.04
Norway,NOR,2000,0,0.26,0,0.03,141.82,0,0.16,0.21,0.04,0,0.26,0,0.03,141.82,0,0.16,0.21,0.04
Norway,NOR,2001,0,0.25,0,0.03,120.46,0,0.3,0.24,0.04,0,0.25,0,0.03,120.46,0,0.3,0.24,0.04
Norway,NOR,2002,0,0.25,0,0.08,129.37,0,0.3,0.2,0.04,0,0.25,0,0.08,129.37,0,0.3,0.2,0.04
Norway,NOR,2003,0,0.33,0,0.22,105.48,0,0.3,0.3,0.04,0,0.33,0,0.22,105.48,0,0.3,0.3,0.04
Norway,NOR,2004,0,0.36,0,0.25,108.78,0,0.3,0.37,0.04,0,0.36,0,0.25,108.78,0,0.3,0.37,0.04
Norway,NOR,2005,0,0.33,0,0.5,135.69,0,0.31,0.38,0.04,0,0.33,0,0.5,135.69,0,0.31,0.38,0.04
Norway,NOR,2006,0,0.39,0,0.64,119.37,0,0.31,0.47,0.04,0,0.39,0,0.64,119.37,0,0.31,0.47,0.04
Norway,NOR,2007,0,0.39,0,0.89,133.66,0,0.37,0.76,0.04,0,0.39,0,0.89,133.66,0,0.37,0.76,0.04
Norway,NOR,2008,0,0.4,0,0.91,139.04,0,0.36,0.44,0.04,0,0.4,0,0.91,139.04,0,0.36,0.44,0.04
Norway,NOR,2009,0,0.23,0,0.97,125.28,0,0.22,4.23,0.04,0,0.23,0,0.97,125.28,0,0.22,4.23,0.04
Norway,NOR,2010,0,0.35,0,0.87,116.74,0,0.34,4.8,0.04,0,0.35,0,0.87,116.74,0,0.34,4.8,0.04
Norway,NOR,2011,0,0.34,0,1.29,120.28,0,0.27,3.71,0.04,0,0.34,0,1.29,120.28,0,0.27,3.71,0.04
Norway,NOR,2012,0,0.33,0,1.54,141.72,0,0.31,2.24,0.04,0,0.33,0,1.54,141.72,0,0.31,2.24,0.04
Norway,NOR,2013,0,0.4,0,1.88,128.14,0,0.61,2.07,0.04,0,0.4,0,1.88,128.14,0,0.61,2.07,0.04
Norway,NOR,2014,0,0.25,0,2.22,135.47,0,0.68,2.22,0.04,0,0.25,0,2.22,135.47,0,0.68,2.22,0.04
Norway,NOR,2015,0,0.25,0,2.52,137.3,0,0.69,2.2,0.04,0,0.25,0,2.52,137.3,0,0.69,2.2,0.04
Norway,NOR,2016,0,0.23,0,2.11,142.81,0,0.63,2.21,0.04,0,0.23,0,2.11,142.81,0,0.63,2.21,0.04
Norway,NOR,2017,0,0.26,0,2.85,142.37,0,0.69,2.06,0.04,0,0.26,0,2.85,142.37,0,0.69,2.06,0.04
Norway,NOR,2018,0,0.2,0,3.87,138.98,0,0.67,2.18,0.04,0,0.2,0,3.87,138.98,0,0.67,2.18,0.04
Norway,NOR,2019,0,0.25,0.01,5.52,125.29,0,0.66,2.06,0.04,0,0.25,0.01,5.52,125.29,0,0.66,2.06,0.04
Norway,NOR,2020,0,0.24,0.08,9.91,141.8,0,0.64,1.61,0.04,0,0.24,0.08,9.91,141.8,0,0.64,1.61,0.04
Norway,NOR,2021,0,0.22,0.11,11.76,143.97,0,0.72,0.31,0.04,0,0.22,0.11,11.76,143.97,0,0.72,0.31,0.04
Norway,NOR,2022,0,0.24,0.17,14.8,128.24,0,0.78,1.15,0.04,0,0.24,0.17,14.8,128.24,0,0.78,1.15,0.04
Norway,NOR,2023,0,0.25,0.36,13.86,136.71,0,0.79,1.53,0.03,0,0.25,0.36,13.86,136.71,0,0.79,1.53,0.03
Norway,NOR,2024,0,0.25,0.36,14.5,138.5,0,0.78,1.7,0.03,0,0.25,0.36,14.5,138.5,0,0.78,1.7,0.03
Poland,POL,1985,0,0,0,0,1.852,0,1.68,0.081,131.52095,0,0,0,0,1.852,0,1.68,0.081,131.52095
Poland,POL,1986,0,0,0,0,1.549,0,1.622,0.063,134.28099,0,0,0,0,1.549,0,1.622,0.063,134.28099
Poland,POL,1987,0,0,0,0,1.661,0,1.698,0.165,139.58713,0,0,0,0,1.661,0,1.698,0.165,139.58713
Poland,POL,1988,0,0,0,0,1.793,0,1.626,0.097,138.20956,0,0,0,0,1.793,0,1.626,0.097,138.20956
Poland,POL,1989,0,0,0,0,1.609,0,1.691,0.115,139.66751,0,0,0,0,1.609,0,1.691,0.115,139.66751
Poland,POL,1990,0,0.05,0,0,1.44,0,2.45,0.13,130.36,0,0.05,0,0,1.44,0,2.45,0.13,130.36
Poland,POL,1991,0,0.08,0,0,1.42,0,2.36,0.11,128.75,0,0.08,0,0,1.42,0,2.36,0.11,128.75
Poland,POL,1992,0,0.11,0,0,1.51,0,2.38,0.1,126.58,0,0.11,0,0,1.51,0,2.38,0.1,126.58
Poland,POL,1993,0,0.06,0,0,1.49,0,2.46,0.1,127.67,0,0.06,0,0,1.49,0,2.46,0.1,127.67
Poland,POL,1994,0,0.05,0,0,1.73,0,2.97,0.15,128.39,0,0.05,0,0,1.73,0,2.97,0.15,128.39
Poland,POL,1995,0,0.07,0,0,1.89,0,3.06,0.26,131.77,0,0.07,0,0,1.89,0,3.06,0.26,131.77
Poland,POL,1996,0,0.13,0,0,1.93,0,3.33,0.32,135.48,0,0.13,0,0,1.93,0,3.33,0.32,135.48
Poland,POL,1997,0,0.17,0,0,1.96,0,3.85,0.22,134.74,0,0.17,0,0,1.96,0,3.85,0.22,134.74
Poland,POL,1998,0,0.22,0,0,2.31,0,3.7,0.31,134.23,0,0.22,0,0,2.31,0,3.7,0.31,134.23
Poland,POL,1999,0,0.19,0,0,2.15,0,3.7,0.62,133.33,0,0.19,0,0,2.15,0,3.7,0.62,133.33
Poland,POL,2000,0,0.22,0,0,2.11,0,4.03,0.93,135.89,0,0.22,0,0,2.11,0,4.03,0.93,135.89
Poland,POL,2001,0,0.44,0,0.01,2.33,0,4.61,1.36,134.97,0,0.44,0,0.01,2.33,0,4.61,1.36,134.97
Poland,POL,2002,0,0.43,0,0.06,2.28,0,4.58,2.2,132.94,0,0.43,0,0.06,2.28,0,4.58,2.2,132.94
Poland,POL,2003,0,0.46,0,0.12,1.67,0,4.68,2.42,140.66,0,0.46,0,0.12,1.67,0,4.68,2.42,140.66
Poland,POL,2004,0,0.98,0,0.14,2.08,0,5,3.22,141.12,0,0.98,0,0.14,2.08,0,5,3.22,141.12
Poland,POL,2005,0,1.51,0,0.14,2.2,0,4.4,5.16,141.88,0,1.51,0,0.14,2.2,0,4.4,5.16,141.88
Poland,POL,2006,0,1.99,0,0.26,2.04,0,4.82,4.58,147.01,0,1.99,0,0.26,2.04,0,4.82,4.58,147.01
Poland,POL,2007,0,2.56,0,0.52,2.35,0,4.6,4.48,144.01,0,2.56,0,0.52,2.35,0,4.6,4.48,144.01
Poland,POL,2008,0,3.62,0,0.84,2.15,0,4.32,4.68,138.89,0,3.62,0,0.84,2.15,0,4.32,4.68,138.89
Poland,POL,2009,0,5.23,0,1.08,2.38,0,4,4.79,133.38,0,5.23,0,1.08,2.38,0,4,4.79,133.38
Poland,POL,2010,0,6.3,0,1.66,2.92,0,4.58,4.8,136.51,0,6.3,0,1.66,2.92,0,4.58,4.8,136.51
Poland,POL,2011,0,7.6,0,3.2,2.33,0,4.16,5.82,139.76,0,7.6,0,3.2,2.33,0,4.16,5.82,139.76
Poland,POL,2012,0,10.09,0,4.75,2.04,0,3.77,6.26,134.57,0,10.09,0,4.75,2.04,0,3.77,6.26,134.57
Poland,POL,2013,0,8.62,0,6,2.44,0,3.73,5.27,137.72,0,8.62,0,6,2.44,0,3.73,5.27,137.72
Poland,POL,2014,0,9.98,0.01,7.68,2.18,0,3.65,5.33,129.52,0,9.98,0.01,7.68,2.18,0,3.65,5.33,129.52
Poland,POL,2015,0,9.94,0.06,10.86,1.83,0,4.7,6.39,130.52,0,9.94,0.06,10.86,1.83,0,4.7,6.39,130.52
Poland,POL,2016,0,7.96,0.12,12.59,2.14,0,5.04,7.83,130.32,0,7.96,0.12,12.59,2.14,0,5.04,7.83,130.32
Poland,POL,2017,0,6.49,0.17,14.91,2.56,0,4.59,10.03,131.16,0,6.49,0.17,14.91,2.56,0,4.59,10.03,131.16
Poland,POL,2018,0,6.55,0.3,12.8,1.97,0,4.62,12.63,130.56,0,6.55,0.3,12.8,1.97,0,4.62,12.63,130.56
Poland,POL,2019,0,7.68,0.71,15.11,1.96,0,4.82,14.8,118.14,0,7.68,0.71,15.11,1.96,0,4.82,14.8,118.14
Poland,POL,2020,0,8.35,1.96,15.8,2.12,0,4.23,17.29,107.4,0,8.35,1.96,15.8,2.12,0,4.23,17.29,107.4
Poland,POL,2021,0,8.06,3.93,16.23,2.34,0,4.84,15.82,127.57,0,8.06,3.93,16.23,2.34,0,4.84,15.82,127.57
Poland,POL,2022,0,7.63,8.31,19.78,1.97,0,4.82,11.36,124.73,0,7.63,8.31,19.78,1.97,0,4.82,11.36,124.73
Poland,POL,2023,0,8.16,11.11,23.11,2.41,0,4.32,16.49,98.85,0,8.16,11.11,23.11,2.41,0,4.32,16.49,98.85
Poland,POL,2024,0,8.39,15.23,24.84,2.34,0,7.82,20.52,91.06,0,8.39,15.23,24.84,2.34,0,7.82,20.52,91.06
Portugal,PRT,1990,0,0.69,0,0,9.14,0,9.44,0,9.06,0,0.69,0,0,9.14,0,9.44,0,9.06
Portugal,PRT,1991,0,0.81,0,0,9.03,0,10.13,0,9.75,0,0.81,0,0,9.03,0,10.13,0,9.75
Portugal,PRT,1992,0,0.88,0,0,4.61,0,13.82,0,10.17,0,0.88,0,0,4.61,0,13.82,0,10.17
Portugal,PRT,1993,0,0.9,0,0.01,8.52,0,10.03,0,11.38,0,0.9,0,0.01,8.52,0,10.03,0,11.38
Portugal,PRT,1994,0.03,0.93,0,0.02,10.65,0,7.92,0,11.57,0.03,0.93,0,0.02,10.65,0,7.92,0,11.57
Portugal,PRT,1995,0.04,0.99,0,0.02,8.33,0,10.12,0,13.41,0.04,0.99,0,0.02,8.33,0,10.12,0,13.41
Portugal,PRT,1996,0.05,0.96,0,0.02,14.75,0,5.87,0,12.55,0.05,0.96,0,0.02,14.75,0,5.87,0,12.55
Portugal,PRT,1997,0.05,1.04,0,0.04,13.1,0,6.61,0.09,12.96,0.05,1.04,0,0.04,13.1,0,6.61,0.09,12.96
Portugal,PRT,1998,0.06,1.02,0,0.09,12.98,0,10.6,2.02,11.98,0.06,1.02,0,0.09,12.98,0,10.6,2.02,11.98
Portugal,PRT,1999,0.08,1.16,0,0.12,7.26,0,11,8.07,15.05,0.08,1.16,0,0.12,7.26,0,11,8.07,15.05
Portugal,PRT,2000,0.08,1.3,0,0.17,11.32,0,8.6,7.14,14.6,0.08,1.3,0,0.17,11.32,0,8.6,7.14,14.6
Portugal,PRT,2001,0.1,1.35,0,0.26,14.03,0,9.5,7.21,13.61,0.1,1.35,0,0.26,14.03,0,9.5,7.21,13.61
Portugal,PRT,2002,0.1,1.47,0,0.36,7.8,0,11.57,9.04,15.21,0.1,1.47,0,0.36,7.8,0,11.57,9.04,15.21
Portugal,PRT,2003,0.09,1.39,0,0.5,15.72,0,6.42,7.74,14.53,0.09,1.39,0,0.5,15.72,0,6.42,7.74,14.53
Portugal,PRT,2004,0.08,1.54,0,0.82,9.87,0,5.82,11.69,14.86,0.08,1.54,0,0.82,9.87,0,5.82,11.69,14.86
Portugal,PRT,2005,0.07,1.68,0,1.77,4.73,0,8.92,13.61,15.23,0.07,1.68,0,1.77,4.73,0,8.92,13.61,15.23
Portugal,PRT,2006,0.09,1.7,0,2.93,11,0,5.38,12.34,14.96,0.09,1.7,0,2.93,11,0,5.38,12.34,14.96
Portugal,PRT,2007,0.2,1.86,0.02,4.04,10.09,0,4.98,13.12,12.4,0.2,1.86,0.02,4.04,10.09,0,4.98,13.12,12.4
Portugal,PRT,2008,0.19,1.85,0.04,5.76,6.8,0,4.3,15.2,11.2,0.19,1.85,0.04,5.76,6.8,0,4.3,15.2,11.2
Portugal,PRT,2009,0.18,2.09,0.16,7.58,8.28,0,3.48,14.71,12.9,0.18,2.09,0.16,7.58,8.28,0,3.48,14.71,12.9
Portugal,PRT,2010,0.2,2.61,0.21,9.18,16.15,0,3.13,14.9,7.1,0.2,2.61,0.21,9.18,16.15,0,3.13,14.9,7.1
Portugal,PRT,2011,0.21,2.92,0.28,9.16,11.54,0,2.9,14.92,9.85,0.21,2.92,0.28,9.16,11.54,0,2.9,14.92,9.85
Portugal,PRT,2012,0.15,2.95,0.39,10.26,5.62,0,2.31,10.67,13.09,0.15,2.95,0.39,10.26,5.62,0,2.31,10.67,13.09
Portugal,PRT,2013,0.2,3.05,0.48,12.01,13.73,0,1.81,7.23,11.84,0.2,3.05,0.48,12.01,13.73,0,1.81,7.23,11.84
Portugal,PRT,2014,0.21,3.05,0.63,12.11,15.57,0,1.45,6.83,11.95,0.21,3.05,0.63,12.11,15.57,0,1.45,6.83,11.95
Portugal,PRT,2015,0.2,3.1,0.8,11.6,8.66,0,1.49,10.56,14.73,0.2,3.1,0.8,11.6,8.66,0,1.49,10.56,14.73
Portugal,PRT,2016,0.17,3.07,0.87,12.47,15.72,0,1.54,12.58,12.63,0.17,3.07,0.87,12.47,15.72,0,1.54,12.58,12.63
Portugal,PRT,2017,0.22,3.22,0.99,12.25,5.9,0,1.45,18.89,14.67,0.22,3.22,0.99,12.25,5.9,0,1.45,18.89,14.67
Portugal,PRT,2018,0.23,3.16,1.01,12.62,12.39,0,1.32,15.61,12.01,0.23,3.16,1.01,12.62,12.39,0,1.32,15.61,12.01
Portugal,PRT,2019,0.22,3.36,1.34,13.67,8.82,0,1.4,17.26,5.53,0.22,3.36,1.34,13.67,8.82,0,1.4,17.26,5.53
Portugal,PRT,2020,0.22,3.79,1.72,12.3,12.08,0,1.32,17.6,2.36,0.22,3.79,1.72,12.3,12.08,0,1.32,17.6,2.36
Portugal,PRT,2021,0.18,4,2.24,13.21,11.91,0,1.31,15.57,0.8,0.18,4,2.24,13.21,11.91,0,1.31,15.57,0.8
Portugal,PRT,2022,0.19,4.11,3.52,13.25,6.54,0,1.33,17.39,0,0.19,4.11,3.52,13.25,6.54,0,1.33,17.39,0
Portugal,PRT,2023,0.21,3.8,5.16,13.2,12.04,0,1.36,10.42,0,0.21,3.8,5.16,13.2,12.04,0,1.36,10.42,0
Portugal,PRT,2024,0.21,3.97,6.72,14.38,14.17,0,1.41,5.45,0,0.21,3.97,6.72,14.38,14.17,0,1.41,5.45,0
Slovakia,SVK,1990,0,0,0,0,1.88,12.04,2.25,1.82,7.5,0,0,0,0,1.88,12.04,2.25,1.82,7.5
Slovakia,SVK,1991,0,0,0,0,1.41,11.69,3.09,2.12,5.95,0,0,0,0,1.41,11.69,3.09,2.12,5.95
Slovakia,SVK,1992,0,0,0,0,1.94,11.05,2.15,0.87,7.23,0,0,0,0,1.94,11.05,2.15,0.87,7.23
Slovakia,SVK,1993,0,0,0,0,3.47,11.49,2.16,1.18,5.75,0,0,0,0,3.47,11.49,2.16,1.18,5.75
Slovakia,SVK,1994,0,0,0,0,4.36,12.6,1.46,2.19,4.86,0,0,0,0,4.36,12.6,1.46,2.19,4.86
Slovakia,SVK,1995,0,0,0,0,4.88,11.44,1.28,2.38,6.45,0,0,0,0,4.88,11.44,1.28,2.38,6.45
Slovakia,SVK,1996,0,0,0,0,4.23,11.25,1.75,2.34,5.89,0,0,0,0,4.23,11.25,1.75,2.34,5.89
Slovakia,SVK,1997,0,0,0,0,4.06,11.07,1.29,2.33,6.29,0,0,0,0,4.06,11.07,1.29,2.33,6.29
Slovakia,SVK,1998,0,0,0,0,4.27,11.39,1.86,2.35,5.86,0,0,0,0,4.27,11.39,1.86,2.35,5.86
Slovakia,SVK,1999,0,0,0,0,4.47,13.12,1.09,3.05,6.38,0,0,0,0,4.47,13.12,1.09,3.05,6.38
Slovakia,SVK,2000,0,0,0,0,4.61,16.49,0.76,3.34,5.58,0,0,0,0,4.61,16.49,0.76,3.34,5.58
Slovakia,SVK,2001,0,0.15,0,0,4.93,17.1,1.12,2.7,5.82,0,0.15,0,0,4.93,17.1,1.12,2.7,5.82
Slovakia,SVK,2002,0,0.15,0,0,5.27,17.95,1.15,2.51,5.15,0,0.15,0,0,5.27,17.95,1.15,2.51,5.15
Slovakia,SVK,2003,0,0.1,0,0,3.48,17.86,1.18,2.4,5.96,0,0.1,0,0,3.48,17.86,1.18,2.4,5.96
Slovakia,SVK,2004,0,0.02,0,0.01,4.1,17.03,1.2,2.42,5.68,0,0.02,0,0.01,4.1,17.03,1.2,2.42,5.68
Slovakia,SVK,2005,0,0.03,0,0.01,4.64,17.73,1.21,2.18,5.54,0,0.03,0,0.01,4.64,17.73,1.21,2.18,5.54
Slovakia,SVK,2006,0,0.4,0,0.01,4.4,18.01,1.21,1.91,5.31,0,0.4,0,0.01,4.4,18.01,1.21,1.91,5.31
Slovakia,SVK,2007,0,0.47,0,0.01,4.45,15.33,1.17,1.62,4.8,0,0.47,0,0.01,4.45,15.33,1.17,1.62,4.8
Slovakia,SVK,2008,0,0.52,0,0.01,4.04,16.7,1.15,1.61,4.67,0,0.52,0,0.01,4.04,16.7,1.15,1.61,4.67
Slovakia,SVK,2009,0,0.54,0,0.01,4.37,14.08,1.1,1.97,3.86,0,0.54,0,0.01,4.37,14.08,1.1,1.97,3.86
Slovakia,SVK,2010,0,0.66,0.02,0.01,5.26,14.57,1.17,2.21,3.56,0,0.66,0.02,0.01,5.26,14.57,1.17,2.21,3.56
Slovakia,SVK,2011,0,0.82,0.4,0,3.78,15.41,1.17,3.15,3.55,0,0.82,0.4,0,3.78,15.41,1.17,3.15,3.55
Slovakia,SVK,2012,0,0.94,0.42,0.01,4.1,15.49,1.08,2.85,3.41,0,0.94,0.42,0.01,4.1,15.49,1.08,2.85,3.41
Slovakia,SVK,2013,0,0.91,0.59,0.01,4.85,15.72,0.96,2.39,3.07,0,0.91,0.59,0.01,4.85,15.72,0.96,2.39,3.07
Slovakia,SVK,2014,0,1.42,0.6,0.01,4.21,15.5,0.9,1.62,2.87,0,1.42,0.6,0.01,4.21,15.5,0.9,1.62,2.87
Slovakia,SVK,2015,0,1.66,0.51,0.01,3.87,15.15,0.99,1.6,2.83,0,1.66,0.51,0.01,3.87,15.15,0.99,1.6,2.83
Slovakia,SVK,2016,0,1.73,0.53,0.01,4.36,14.77,1.08,1.52,2.8,0,1.73,0.53,0.01,4.36,14.77,1.08,1.52,2.8
Slovakia,SVK,2017,0,1.7,0.51,0.01,4.32,15.08,1.14,1.67,2.99,0,1.7,0.51,0.01,4.32,15.08,1.14,1.67,2.99
Slovakia,SVK,2018,0,1.63,0.58,0.01,3.59,14.84,1.14,1.86,3.01,0,1.63,0.58,0.01,3.59,14.84,1.14,1.86,3.01
Slovakia,SVK,2019,0,1.69,0.59,0.01,4.36,15.28,0.87,3.07,2.34,0,1.69,0.59,0.01,4.36,15.28,0.87,3.07,2.34
Slovakia,SVK,2020,0,1.67,0.66,0,4.52,15.44,0.79,3.57,1.86,0,1.67,0.66,0,4.52,15.44,0.79,3.57,1.86
Slovakia,SVK,2021,0,1.84,0.67,0,4.26,15.73,1.13,4.37,1.7,0,1.84,0.67,0,4.26,15.73,1.13,4.37,1.7
Slovakia,SVK,2022,0,1.49,0.65,0,3.68,15.92,1.08,2.1,1.62,0,1.49,0.65,0,3.68,15.92,1.08,2.1,1.62
Slovakia,SVK,2023,0,1.41,0.61,0,4.69,18.33,0.99,2.28,1.22,0,1.41,0.61,0,4.69,18.33,0.99,2.28,1.22
Slovakia,SVK,2024,0.05,1.49,0.68,0,4.81,18.2,0.88,2.69,0.53,0.05,1.49,0.68,0,4.81,18.2,0.88,2.69,0.53
Slovenia,SVN,1990,0,0,0,0,2.95,4.62,0.98,0,3.89,0,0,0,0,2.95,4.62,0.98,0,3.89
Slovenia,SVN,1991,0,0,0,0,3.61,4.95,0.56,0,3.62,0,0,0,0,3.61,4.95,0.56,0,3.62
Slovenia,SVN,1992,0,0,0,0,3.42,3.97,0.31,0,4.64,0,0,0,0,3.42,3.97,0.31,0,4.64
Slovenia,SVN,1993,0,0,0,0,3.04,3.96,0.26,0,4.69,0,0,0,0,3.04,3.96,0.26,0,4.69
Slovenia,SVN,1994,0,0,0,0,3.4,4.61,0.27,0,4.61,0,0,0,0,3.4,4.61,0.27,0,4.61
Slovenia,SVN,1995,0,0,0,0,3.25,4.78,0.26,0.01,4.6,0,0,0,0,3.25,4.78,0.26,0.01,4.6
Slovenia,SVN,1996,0,0,0,0,3.67,4.65,0.26,0.01,4.46,0,0,0,0,3.67,4.65,0.26,0.01,4.46
Slovenia,SVN,1997,0,0,0,0,3.09,5.02,0.35,0.01,4.71,0,0,0,0,3.09,5.02,0.35,0.01,4.71
Slovenia,SVN,1998,0,0,0,0,3.45,5.04,0.14,0.11,4.98,0,0,0,0,3.45,5.04,0.14,0.11,4.98
Slovenia,SVN,1999,0,0.03,0,0,3.74,4.7,0.14,0.17,4.48,0,0.03,0,0,3.74,4.7,0.14,0.17,4.48
Slovenia,SVN,2000,0,0.07,0,0,3.83,4.76,0.05,0.29,4.61,0,0.07,0,0,3.83,4.76,0.05,0.29,4.61
Slovenia,SVN,2001,0,0.07,0,0,3.8,5.26,0.13,0.3,4.92,0,0.07,0,0,3.8,5.26,0.13,0.3,4.92
Slovenia,SVN,2002,0,0.1,0,0,3.31,5.53,0.07,0.29,5.3,0,0.1,0,0,3.31,5.53,0.07,0.29,5.3
Slovenia,SVN,2003,0,0.12,0,0,2.96,5.21,0.06,0.37,5.11,0,0.12,0,0,2.96,5.21,0.06,0.37,5.11
Slovenia,SVN,2004,0,0.12,0,0,4.09,5.46,0.05,0.36,5.19,0,0.12,0,0,4.09,5.46,0.05,0.36,5.19
Slovenia,SVN,2005,0,0.11,0,0,3.46,5.88,0.05,0.34,5.27,0,0.11,0,0,3.46,5.88,0.05,0.34,5.27
Slovenia,SVN,2006,0,0.11,0,0,3.59,5.55,0.06,0.37,5.43,0,0.11,0,0,3.59,5.55,0.06,0.37,5.43
Slovenia,SVN,2007,0,0.11,0,0,3.27,5.7,0.03,0.45,5.48,0,0.11,0,0,3.27,5.7,0.03,0.45,5.48
Slovenia,SVN,2008,0,0.29,0,0,4.02,6.27,0.02,0.48,5.33,0,0.29,0,0,4.02,6.27,0.02,0.48,5.33
Slovenia,SVN,2009,0,0.19,0,0,4.71,5.74,0.03,0.59,5.13,0,0.19,0,0,4.71,5.74,0.03,0.59,5.13
Slovenia,SVN,2010,0,0.22,0.01,0,4.52,5.66,0.01,0.55,5.29,0,0.22,0.01,0,4.52,5.66,0.01,0.55,5.29
Slovenia,SVN,2011,0,0.25,0.07,0,3.56,6.22,0.02,0.49,5.31,0,0.25,0.07,0,3.56,6.22,0.02,0.49,5.31
Slovenia,SVN,2012,0,0.27,0.16,0,3.9,5.53,0.02,0.53,5.14,0,0.27,0.16,0,3.9,5.53,0.02,0.53,5.14
Slovenia,SVN,2013,0,0.26,0.22,0,4.63,5.3,0.01,0.51,4.87,0,0.26,0.22,0,4.63,5.3,0.01,0.51,4.87
Slovenia,SVN,2014,0,0.25,0.26,0,6.09,6.37,0.05,0.37,3.76,0,0.25,0.26,0,6.09,6.37,0.05,0.37,3.76
Slovenia,SVN,2015,0,0.26,0.27,0.01,3.81,5.65,0.02,0.4,4.38,0,0.26,0.27,0.01,3.81,5.65,0.02,0.4,4.38
Slovenia,SVN,2016,0,0.28,0.27,0.01,4.5,5.72,0.02,0.42,5.01,0,0.28,0.27,0.01,4.5,5.72,0.02,0.42,5.01
Slovenia,SVN,2017,0,0.28,0.28,0.01,3.87,6.29,0.02,0.48,4.82,0,0.28,0.28,0.01,3.87,6.29,0.02,0.48,4.82
Slovenia,SVN,2018,0,0.26,0.25,0.01,4.7,5.78,0.02,0.48,4.62,0,0.26,0.25,0.01,4.7,5.78,0.02,0.48,4.62
Slovenia,SVN,2019,0,0.25,0.3,0.01,4.48,5.82,0.01,0.54,4.48,0,0.25,0.3,0.01,4.48,5.82,0.01,0.54,4.48
Slovenia,SVN,2020,0,0.27,0.37,0.01,4.93,6.35,0.02,0.58,4.36,0,0.27,0.37,0.01,4.93,6.35,0.02,0.58,4.36
Slovenia,SVN,2021,0,0.27,0.45,0.01,4.71,5.71,0.07,0.52,3.85,0,0.27,0.45,0.01,4.71,5.71,0.07,0.52,3.85
Slovenia,SVN,2022,0,0.26,0.65,0.01,3.15,5.61,0.06,0.49,3.13,0,0.26,0.65,0.01,3.15,5.61,0.06,0.49,3.13
Slovenia,SVN,2023,0,0.29,0.98,0.01,5.02,5.6,0.01,0.5,3.14,0,0.29,0.98,0.01,5.02,5.6,0.01,0.5,3.14
Slovenia,SVN,2024,0,0.35,1.48,0.01,5.3,5.81,0,0.6,3.45,0,0.35,1.48,0.01,5.3,5.81,0,0.6,3.45
Spain,ESP,1985,0,0,0,0,31.287,28.044,7.747,2.514,54.605,0,0,0,0,31.287,28.044,7.747,2.514,54.605
Spain,ESP,1986,0,0,0,0,26.494,37.458,6.187,2.118,54.808,0,0,0,0,26.494,37.458,6.187,2.118,54.808
Spain,ESP,1987,0,0,0,0,27.383,41.271,6.436,1.496,54.724,0,0,0,0,27.383,41.271,6.436,1.496,54.724
Spain,ESP,1988,0,0,0,0,35.246,50.466,6.937,1.365,43.071,0,0,0,0,35.246,50.466,6.937,1.365,43.071
Spain,ESP,1989,0,0,0.006060606,0.013,19.349,56.126,9.138,1.398,59.622,0,0,0.006060606,0.013,19.349,56.126,9.138,1.398,59.622
Spain,ESP,1990,0,0.54,0.01,0.01,25.47,54.27,9.61,1.51,59.74,0,0.54,0.01,0.01,25.47,54.27,9.61,1.51,59.74
Spain,ESP,1991,0,0.54,0.01,0.01,27.25,55.58,11.16,1.36,58.8,0,0.54,0.01,0.01,27.25,55.58,11.16,1.36,58.8
Spain,ESP,1992,0,0.57,0.01,0.1,18.92,55.78,15.34,1.71,64.22,0,0.57,0.01,0.1,18.92,55.78,15.34,1.71,64.22
Spain,ESP,1993,0,0.58,0.01,0.12,24.42,56.06,10.31,1.2,62.42,0,0.58,0.01,0.12,24.42,56.06,10.31,1.2,62.42
Spain,ESP,1994,0,0.64,0.01,0.17,28.24,55.31,11.01,3.24,61.57,0,0.64,0.01,0.17,28.24,55.31,11.01,3.24,61.57
Spain,ESP,1995,0,1.01,0.02,0.27,23.08,55.46,15.57,3.75,65.91,0,1.01,0.02,0.27,23.08,55.46,15.57,3.75,65.91
Spain,ESP,1996,0,1.08,0.02,0.36,39.79,56.33,14.9,6.79,53.94,0,1.08,0.02,0.36,39.79,56.33,14.9,6.79,53.94
Spain,ESP,1997,0,1.46,0.02,0.74,34.75,55.3,16.02,18.17,62.67,0,1.46,0.02,0.74,34.75,55.3,16.02,18.17,62.67
Spain,ESP,1998,0,1.53,0.02,1.35,33.99,58.99,19.72,16.21,61.58,0,1.53,0.02,1.35,33.99,58.99,19.72,16.21,61.58
Spain,ESP,1999,0,1.62,0.03,2.74,22.82,58.85,26.9,19.06,73.61,0,1.62,0.03,2.74,22.82,58.85,26.9,19.06,73.61
Spain,ESP,2000,0,1.49,0.01,4.73,28.26,62.21,24.95,20.18,79.09,0,1.49,0.01,4.73,28.26,62.21,24.95,20.18,79.09
Spain,ESP,2001,0,1.63,0.02,6.76,40.89,63.71,26.43,23.36,70.27,0,1.63,0.02,6.76,40.89,63.71,26.43,23.36,70.27
Spain,ESP,2002,0,2.59,0.02,9.34,21.22,63.02,30.15,32.39,81.18,0,2.59,0.02,9.34,21.22,63.02,30.15,32.39,81.18
Spain,ESP,2003,0,3.18,0.02,12.07,40.48,61.88,25.57,39.37,74.73,0,3.18,0.02,12.07,40.48,61.88,25.57,39.37,74.73
Spain,ESP,2004,0,3.33,0.02,15.7,31.08,63.61,28.31,55.46,79.1,0,3.33,0.02,15.7,31.08,63.61,28.31,55.46,79.1
Spain,ESP,2005,0,2.65,0.05,21.18,18.39,57.54,31.58,79.01,79.06,0,2.65,0.05,21.18,18.39,57.54,31.58,79.01,79.06
Spain,ESP,2006,0,2.77,0.12,23.3,25.96,60.13,26,90.57,66.74,0,2.77,0.12,23.3,25.96,60.13,26,90.57,66.74
Spain,ESP,2007,0,2.9,0.52,27.57,27.31,55.1,20.86,94.8,72.8,0,2.9,0.52,27.57,27.31,55.1,20.86,94.8,72.8
Spain,ESP,2008,0,3.26,2.58,32.95,23.36,58.97,19.16,120.8,48.71,0,3.26,2.58,32.95,23.36,58.97,19.16,120.8,48.71
Spain,ESP,2009,0,3.49,6.06,38.12,26.41,52.76,20.22,107.75,35.91,0,3.49,6.06,38.12,26.41,52.76,20.22,107.75,35.91
Spain,ESP,2010,0,4.01,7.19,44.27,42.3,61.99,17.86,94.85,25.33,0,4.01,7.19,44.27,42.3,61.99,17.86,94.85,25.33
Spain,ESP,2011,0,4.61,9.4,42.92,30.6,57.72,16.8,85.51,43.98,0,4.61,9.4,42.92,30.6,57.72,16.8,85.51,43.98
Spain,ESP,2012,0,4.98,11.97,49.47,20.55,61.47,17.13,73.31,55.07,0,4.98,11.97,49.47,20.55,61.47,17.13,73.31,55.07
Spain,ESP,2013,0,5.8,13.1,55.64,36.87,56.73,15.84,57.54,39.94,0,5.8,13.1,55.64,36.87,56.73,15.84,57.54,39.94
Spain,ESP,2014,0,5.41,13.67,52.01,39.17,57.31,15.79,47.27,43.81,0,5.41,13.67,52.01,39.17,57.31,15.79,47.27,43.81
Spain,ESP,2015,0,5.76,13.86,49.32,28.14,57.2,19.02,52.5,51.37,0,5.76,13.86,49.32,28.14,57.2,19.02,52.5,51.37
Spain,ESP,2016,0,5.69,13.64,48.9,36.4,58.63,18.18,52.83,36.43,0,5.69,13.64,48.9,36.4,58.63,18.18,52.83,36.43
Spain,ESP,2017,0,6.08,14.4,49.13,18.32,58.04,17.24,64.04,45.13,0,6.08,14.4,49.13,18.32,58.04,17.24,64.04,45.13
Spain,ESP,2018,0,5.91,12.74,50.89,34.33,55.77,16.42,58,37.34,0,5.91,12.74,50.89,34.33,55.77,16.42,58,37.34
Spain,ESP,2019,0.02,5.57,15.1,55.65,24.65,58.35,14.61,83.71,12.86,0.02,5.57,15.1,55.65,24.65,58.35,14.61,83.71,12.86
Spain,ESP,2020,0.03,6.14,20.67,56.44,30.51,58.3,12.12,69.74,5.52,0.03,6.14,20.67,56.44,30.51,58.3,12.12,69.74,5.52
Spain,ESP,2021,0.02,6.94,27.1,62.06,29.63,56.56,12.08,71.5,4.86,0.02,6.94,27.1,62.06,29.63,56.56,12.08,71.5,4.86
Spain,ESP,2022,0.02,6.8,35.72,62.78,17.59,58.59,11.69,86.1,7.86,0.02,6.8,35.72,62.78,17.59,58.59,11.69,86.1,7.86
Spain,ESP,2023,0.01,5.9,48.59,65.01,25,56.87,10.48,64.36,3.62,0.01,5.9,48.59,65.01,25,56.87,10.48,64.36,3.62
Spain,ESP,2024,0,6.25,58.6,62.93,32.63,54.82,10.12,52.39,2.65,0,6.25,58.6,62.93,32.63,54.82,10.12,52.39,2.65
Sweden,SWE,1990,0,1.94,0,0.01,72.5,68.18,1.85,0.42,1.08,0,1.94,0,0.01,72.5,68.18,1.85,0.42,1.08
Sweden,SWE,1991,0,1.86,0,0.01,63.24,76.76,2.56,0.58,1.96,0,1.86,0,0.01,63.24,76.76,2.56,0.58,1.96
Sweden,SWE,1992,0,2.01,0,0.03,74.33,63.54,3.43,0.79,1.8,0,2.01,0,0.03,74.33,63.54,3.43,0.79,1.8
Sweden,SWE,1993,0,2.17,0,0.05,74.65,61.4,4,0.91,2.08,0,2.17,0,0.05,74.65,61.4,4,0.91,2.08
Sweden,SWE,1994,0,2.23,0,0.07,59.1,73.16,4.67,0.86,2.61,0,2.23,0,0.07,59.1,73.16,4.67,0.86,2.61
Sweden,SWE,1995,0,2.35,0,0.1,68.1,69.93,4.68,0.85,2.27,0,2.35,0,0.1,68.1,69.93,4.68,0.85,2.27
Sweden,SWE,1996,0,2.12,0,0.14,51.74,74.27,7.97,0.68,3.69,0,2.12,0,0.14,51.74,74.27,7.97,0.68,3.69
Sweden,SWE,1997,0,2.77,0,0.2,69.06,69.93,4.58,0.66,2.01,0,2.77,0,0.2,69.06,69.93,4.58,0.66,2.01
Sweden,SWE,1998,0,2.78,0,0.32,75,73.58,4.54,0.53,2.04,0,2.78,0,0.32,75,73.58,4.54,0.53,2.04
Sweden,SWE,1999,0,2.7,0,0.36,71.69,73.19,4.21,0.45,2.24,0,2.7,0,0.36,71.69,73.19,4.21,0.45,2.24
Sweden,SWE,2000,0,4.1,0,0.46,78.58,57.32,2.65,0.48,1.64,0,4.1,0,0.46,78.58,57.32,2.65,0.48,1.64
Sweden,SWE,2001,0,3.78,0,0.48,79.06,72.11,3.89,0.4,1.88,0,3.78,0,0.48,79.06,72.11,3.89,0.4,1.88
Sweden,SWE,2002,0,4.18,0,0.61,66.36,68.11,4.51,0.56,2.37,0,4.18,0,0.61,66.36,68.11,4.51,0.56,2.37
Sweden,SWE,2003,0,4.51,0,0.68,53.54,67.42,5.66,0.73,2.85,0,4.51,0,0.68,53.54,67.42,5.66,0.73,2.85
Sweden,SWE,2004,0,7.2,0,0.86,60.12,77.49,4.1,0.78,1.01,0,7.2,0,0.86,60.12,77.49,4.1,0.78,1.01
Sweden,SWE,2005,0,7.49,0,0.93,72.8,72.38,3.51,0.6,0.65,0,7.49,0,0.93,72.8,72.38,3.51,0.6,0.65
Sweden,SWE,2006,0,8.36,0,0.98,61.72,66.98,3.76,0.6,0.88,0,8.36,0,0.98,61.72,66.98,3.76,0.6,0.88
Sweden,SWE,2007,0,9.84,0,1.43,66.16,66.97,2.94,0.83,0.65,0,9.84,0,1.43,66.16,66.97,2.94,0.83,0.65
Sweden,SWE,2008,0,10.34,0,2,69.07,63.89,3.47,0.62,0.51,0,10.34,0,2,69.07,63.89,3.47,0.62,0.51
Sweden,SWE,2009,0,11.46,0.01,2.49,65.85,52.17,2.55,1.56,0.51,0,11.46,0.01,2.49,65.85,52.17,2.55,1.56,0.51
Sweden,SWE,2010,0,12.19,0.01,3.49,66.4,57.83,4.6,2.91,1.02,0,12.19,0.01,3.49,66.4,57.83,4.6,2.91,1.02
Sweden,SWE,2011,0,11.54,0.01,6.11,66.43,60.47,3.48,1.58,0.66,0,11.54,0.01,6.11,66.43,60.47,3.48,1.58,0.66
Sweden,SWE,2012,0,12.19,0.02,7.17,78.93,64.04,2.69,0.92,0.48,0,12.19,0.02,7.17,78.93,64.04,2.69,0.92,0.48
Sweden,SWE,2013,0,11.45,0.04,9.84,61.36,66.46,2.38,0.85,0.65,0,11.45,0.04,9.84,61.36,66.46,2.38,0.85,0.65
Sweden,SWE,2014,0,10.7,0.05,11.24,63.76,64.88,2.14,0.42,0.37,0,10.7,0.05,11.24,63.76,64.88,2.14,0.42,0.37
Sweden,SWE,2015,0,10.77,0.1,16.32,75.31,56.35,2.31,0.45,0.39,0,10.77,0.1,16.32,75.31,56.35,2.31,0.45,0.39
Sweden,SWE,2016,0,11.49,0.14,15.48,62.02,63.1,2.72,0.68,0.26,0,11.49,0.14,15.48,62.02,63.1,2.72,0.68,0.26
Sweden,SWE,2017,0,12.08,0.23,17.61,65.14,65.7,2.82,0.33,0.32,0,12.08,0.23,17.61,65.14,65.7,2.82,0.33,0.32
Sweden,SWE,2018,0,11.91,0.41,16.62,62.21,68.55,2.94,0.38,0.34,0,11.91,0.41,16.62,62.21,68.55,2.94,0.38,0.34
Sweden,SWE,2019,0,13.04,0.68,19.85,65.37,66.13,2.85,0.29,0.21,0,13.04,0.68,19.85,65.37,66.13,2.85,0.29,0.21
Sweden,SWE,2020,0,11.18,1.05,27.52,72.39,49.2,2.34,0.1,0,0,11.18,1.05,27.52,72.39,49.2,2.34,0.1,0
Sweden,SWE,2021,0,13.08,1.53,27.25,73.89,52.97,2.77,0.29,0,0,13.08,1.53,27.25,73.89,52.97,2.77,0.29,0
Sweden,SWE,2022,0,13.13,1.98,33.25,69.87,51.94,2.73,0.15,0,0,13.13,1.98,33.25,69.87,51.94,2.73,0.15,0
Sweden,SWE,2023,0,11.7,3.11,34.64,66.19,48.47,2.17,0.16,0,0,11.7,3.11,34.64,66.19,48.47,2.17,0.16,0
Sweden,SWE,2024,0,10.41,3.65,40.84,65.11,50.45,2.17,0.16,0,0,10.41,3.65,40.84,65.11,50.45,2.17,0.16,0
Switzerland,CHE,2000,0.63,0.21,0.01,0,36.83,26.45,1.13,0.86,0,0.63,0.21,0.01,0,36.83,26.45,1.13,0.86,0
Switzerland,CHE,2001,0.68,0.2,0.01,0,41.31,26.81,1.19,0.85,0,0.68,0.2,0.01,0,41.31,26.81,1.19,0.85,0
Switzerland,CHE,2002,0.71,0.21,0.01,0,35.17,27.23,1.19,0.89,0,0.71,0.21,0.01,0,35.17,27.23,1.19,0.89,0
Switzerland,CHE,2003,0.72,0.22,0.02,0,34.76,27.49,1.2,0.93,0,0.72,0.22,0.02,0,34.76,27.49,1.2,0.93,0
Switzerland,CHE,2004,0.76,0.22,0.02,0.01,33.75,26.96,1.21,0.94,0,0.76,0.22,0.02,0.01,33.75,26.96,1.21,0.94,0
Switzerland,CHE,2005,0.81,0.22,0.02,0.01,31.23,23.34,1.3,0.87,0,0.81,0.22,0.02,0.01,31.23,23.34,1.3,0.87,0
Switzerland,CHE,2006,0.91,0.23,0.02,0.01,30.96,27.82,1.39,0.79,0,0.91,0.23,0.02,0.01,30.96,27.82,1.39,0.79,0
Switzerland,CHE,2007,0.89,0.29,0.03,0.02,35.25,27.92,1.29,0.74,0,0.89,0.29,0.03,0.02,35.25,27.92,1.29,0.74,0
Switzerland,CHE,2008,0.91,0.32,0.04,0.02,36.04,27.7,1.28,0.73,0,0.91,0.32,0.04,0.02,36.04,27.7,1.28,0.73,0
Switzerland,CHE,2009,0.88,0.36,0.05,0.02,35.72,27.69,1.24,0.71,0,0.88,0.36,0.05,0.02,35.72,27.69,1.24,0.71,0
Switzerland,CHE,2010,0.92,0.36,0.09,0.04,36.06,26.34,1.21,1.03,0,0.92,0.36,0.09,0.04,36.06,26.34,1.21,1.03,0
Switzerland,CHE,2011,0.95,0.44,0.17,0.07,32.39,26.71,1.19,0.96,0,0.95,0.44,0.17,0.07,32.39,26.71,1.19,0.96,0
Switzerland,CHE,2012,1.01,0.53,0.3,0.09,38.6,25.44,1.25,0.91,0,1.01,0.53,0.3,0.09,38.6,25.44,1.25,0.91,0
Switzerland,CHE,2013,1.04,0.58,0.5,0.09,38.46,25.99,1.28,0.75,0,1.04,0.58,0.5,0.09,38.46,25.99,1.28,0.75,0
Switzerland,CHE,2014,1.1,0.59,0.84,0.1,38.04,27.56,1.35,0.5,0,1.1,0.59,0.84,0.1,38.04,27.56,1.35,0.5,0
Switzerland,CHE,2015,1.11,0.52,1.12,0.11,38.26,23.09,1.23,0.63,0,1.11,0.52,1.12,0.11,38.26,23.09,1.23,0.63,0
Switzerland,CHE,2016,1.17,0.58,1.33,0.11,34.62,21.15,1.28,0.86,0,1.17,0.58,1.33,0.11,34.62,21.15,1.28,0.86,0
Switzerland,CHE,2017,1.17,0.69,1.68,0.13,34.09,20.38,1.29,0.72,0,1.17,0.69,1.68,0.13,34.09,20.38,1.29,0.72,0
Switzerland,CHE,2018,1.16,0.66,1.95,0.12,34.99,25.51,1.28,0.62,0,1.16,0.66,1.95,0.12,34.99,25.51,1.28,0.62,0
Switzerland,CHE,2019,1.17,0.71,2.18,0.15,38.04,26.42,1.29,0.61,0,1.17,0.71,2.18,0.15,38.04,26.42,1.29,0.61,0
Switzerland,CHE,2020,1.18,0.81,2.6,0.14,37.87,24.02,1.25,0.62,0,1.18,0.81,2.6,0.14,37.87,24.02,1.25,0.62,0
Switzerland,CHE,2021,1.11,0.96,2.84,0.14,36.96,19.36,1.22,0.5,0,1.11,0.96,2.84,0.14,36.96,19.36,1.22,0.5,0
Switzerland,CHE,2022,1.09,0.99,3.86,0.15,29.9,24.15,1.21,0.38,0,1.09,0.99,3.86,0.15,29.9,24.15,1.21,0.38,0
Switzerland,CHE,2023,1.09,0.99,4.62,0.17,37.18,24.36,1.46,0.38,0,1.09,0.99,4.62,0.17,37.18,24.36,1.46,0.38,0
Switzerland,CHE,2024,1.09,0.99,5.89,0.19,44.73,24,1.42,0.38,0,1.09,0.99,5.89,0.19,44.73,24,1.42,0.38,0
Turkey,TUR,1985,0,0,0,0,12.0449,0,7.082,0.0582,15.0278,0,0,0,0,12.0449,0,7.082,0.0582,15.0278
Turkey,TUR,1986,0,0,0,0,11.8726,0,7.0006,1.3407,19.4373,0,0,0,0,11.8726,0,7.0006,1.3407,19.4373
Turkey,TUR,1987,0,0,0,0,18.6178,0,5.4956,2.5281,17.6535,0,0,0,0,18.6178,0,5.4956,2.5281,17.6535
Turkey,TUR,1988,0,0,0,0,28.9496,0,3.3047,3.2395,12.4866,0,0,0,0,28.9496,0,3.3047,3.2395,12.4866
Turkey,TUR,1989,0,0,0,0,17.9396,0,4.2475,9.524,20.2695,0,0,0,0,17.9396,0,4.2475,9.524,20.2695
Turkey,TUR,1990,0.08,0,0,0,23.15,0,3.94,10.19,20.18,0.08,0,0,0,23.15,0,3.94,10.19,20.18
Turkey,TUR,1991,0.08,0.04,0,0,22.68,0,3.29,12.59,21.56,0.08,0.04,0,0,22.68,0,3.29,12.59,21.56
Turkey,TUR,1992,0.07,0.05,0,0,26.57,0,5.27,10.81,24.58,0.07,0.05,0,0,26.57,0,5.27,10.81,24.58
Turkey,TUR,1993,0.08,0.06,0,0,33.95,0,5.17,10.79,23.76,0.08,0.06,0,0,33.95,0,5.17,10.79,23.76
Turkey,TUR,1994,0.08,0.05,0,0,30.59,0,5.55,13.82,28.24,0.08,0.05,0,0,30.59,0,5.55,13.82,28.24
Turkey,TUR,1995,0.09,0.22,0,0,35.54,0,5.77,16.58,28.04,0.09,0.22,0,0,35.54,0,5.77,16.58,28.04
Turkey,TUR,1996,0.08,0.18,0,0,40.47,0,6.54,17.17,30.41,0.08,0.18,0,0,40.47,0,6.54,17.17,30.41
Turkey,TUR,1997,0.08,0.29,0,0,39.82,0,7.16,22.09,33.86,0.08,0.29,0,0,39.82,0,7.16,22.09,33.86
Turkey,TUR,1998,0.09,0.24,0,0,42.23,0,7.92,24.85,35.69,0.09,0.24,0,0,42.23,0,7.92,24.85,35.69
Turkey,TUR,1999,0.08,0.13,0,0.02,34.68,0,8.08,36.42,37.03,0.08,0.13,0,0.02,34.68,0,8.08,36.42,37.03
Turkey,TUR,2000,0.08,0.17,0,0.03,30.88,0,8.49,46.54,38.19,0.08,0.17,0,0.03,30.88,0,8.49,46.54,38.19
Turkey,TUR,2001,0.09,0.18,0,0.06,24.01,0,9.77,49.71,38.42,0.09,0.18,0,0.06,24.01,0,9.77,49.71,38.42
Turkey,TUR,2002,0.1,0.13,0,0.05,33.68,0,9.82,52.53,32.15,0.1,0.13,0,0.05,33.68,0,9.82,52.53,32.15
Turkey,TUR,2003,0.09,0.08,0,0.06,35.33,0,8.19,63.54,32.25,0.09,0.08,0,0.06,35.33,0,8.19,63.54,32.25
Turkey,TUR,2004,0.09,0.08,0,0.06,46.08,0,6.72,62.27,34.45,0.09,0.08,0,0.06,46.08,0,6.72,62.27,34.45
Turkey,TUR,2005,0.09,0.03,0,0.06,39.56,0,5.21,73.48,43.2,0.09,0.03,0,0.06,39.56,0,5.21,73.48,43.2
Turkey,TUR,2006,0.09,0.06,0,0.13,44.24,0,4.39,80.69,46.65,0.09,0.06,0,0.13,44.24,0,4.39,80.69,46.65
Turkey,TUR,2007,0.16,0.09,0,0.36,35.85,0,6.6,95.03,53.43,0.16,0.09,0,0.36,35.85,0,6.6,95.03,53.43
Turkey,TUR,2008,0.16,0.14,0,0.85,33.27,0,7.55,98.68,57.72,0.16,0.14,0,0.85,33.27,0,7.55,98.68,57.72
Turkey,TUR,2009,0.44,0.25,0,1.5,35.96,0,4.87,96.1,55.69,0.44,0.25,0,1.5,35.96,0,4.87,96.1,55.69
Turkey,TUR,2010,0.67,0.33,0,2.92,51.8,0,2.27,98.14,55.05,0.67,0.33,0,2.92,51.8,0,2.27,98.14,55.05
Turkey,TUR,2011,0.69,0.34,0,4.72,52.34,0,1.03,104.05,66.22,0.69,0.34,0,4.72,52.34,0,1.03,104.05,66.22
Turkey,TUR,2012,0.9,0.59,0,5.86,57.86,0,1.77,104.5,68.01,0.9,0.59,0,5.86,57.86,0,1.77,104.5,68.01
Turkey,TUR,2013,1.36,0.88,0,7.56,59.42,0,2.03,105.12,63.78,1.36,0.88,0,7.56,59.42,0,2.03,105.12,63.78
Turkey,TUR,2014,2.36,1.08,0.02,8.52,40.64,0,2.49,120.58,76.26,2.36,1.08,0.02,8.52,40.64,0,2.49,120.58,76.26
Turkey,TUR,2015,3.42,1.24,0.19,11.65,67.15,0,2.74,99.22,76.16,3.42,1.24,0.19,11.65,67.15,0,2.74,99.22,76.16
Turkey,TUR,2016,4.82,1.63,1.04,15.52,67.23,0,2.66,89.23,92.27,4.82,1.63,1.04,15.52,67.23,0,2.66,89.23,92.27
Turkey,TUR,2017,6.13,2.1,2.89,17.9,58.22,0,2.08,110.49,97.48,6.13,2.1,2.89,17.9,58.22,0,2.08,110.49,97.48
Turkey,TUR,2018,6.91,2.5,7.8,19.86,59.75,0,1.44,90.09,111.8,6.91,2.5,7.8,19.86,59.75,0,1.44,90.09,111.8
Turkey,TUR,2019,8.23,3.4,9.57,21.63,88.64,0,0.97,54.88,112.86,8.23,3.4,9.57,21.63,88.64,0,0.97,54.88,112.86
Turkey,TUR,2020,9.32,4.34,11.2,24.61,77.86,0,0.34,68.07,106.26,9.32,4.34,11.2,24.61,77.86,0,0.34,68.07,106.26
Turkey,TUR,2021,10.11,6.15,13.28,31.02,55.51,0,0.35,107.34,104.12,10.11,6.15,13.28,31.02,55.51,0,0.35,107.34,104.12
Turkey,TUR,2022,10.22,7.62,15.16,34.69,66.66,0,0.73,71.86,113.62,10.22,7.62,15.16,34.69,66.66,0,0.73,71.86,113.62
Turkey,TUR,2023,10.13,8.21,18.4,33.88,63.72,0,0.94,66.48,118.03,10.13,8.21,18.4,33.88,63.72,0,0.94,66.48,118.03
Turkey,TUR,2024,10.2,8.68,25.67,36.53,74.57,0,0.98,63.28,121.31,10.2,8.68,25.67,36.53,74.57,0,0.98,63.28,121.31
United Kingdom,GBR,1985,0,0,0.001010101,0,3.9542,61.095,48.307,2.896,177.163,0,0,0.001010101,0,3.9542,61.095,48.307,2.896,177.163
United Kingdom,GBR,1986,0,0,0.001010101,0,4.7683,59.079,31.235,1.743,201.361,0,0,0.001010101,0,4.7683,59.079,31.235,1.743,201.361
United Kingdom,GBR,1987,0,0,0,0,4.1868,55.238,26.268,4.532,209.924,0,0,0,0,4.1868,55.238,26.268,4.532,209.924
United Kingdom,GBR,1988,0,0,0.001010101,0,4.8846,63.456,28.393,4.778,203.374,0,0,0.001010101,0,4.8846,63.456,28.393,4.778,203.374
United Kingdom,GBR,1989,0,0,0,0.009,4.7683,71.734,29.442,4.949,199.938,0,0,0,0.009,4.7683,71.734,29.442,4.949,199.938
United Kingdom,GBR,1990,0,0.6,0,0.01,5.12,65.75,36.83,5,206.44,0,0.6,0,0.01,5.12,65.75,36.83,5,206.44
United Kingdom,GBR,1991,0,0.69,0,0.01,4.54,70.54,29.82,5.82,211.46,0,0.69,0,0.01,4.54,70.54,29.82,5.82,211.46
United Kingdom,GBR,1992,0,0.93,0,0.03,5.35,76.81,31.7,12.58,193.64,0,0.93,0,0.03,5.35,76.81,31.7,12.58,193.64
United Kingdom,GBR,1993,0,1.2,0,0.22,4.3,89.35,22.75,34.04,171.25,0,1.2,0,0.22,4.3,89.35,22.75,34.04,171.25
United Kingdom,GBR,1994,0,1.52,0,0.34,5.12,88.28,16.7,53.26,161.34,0,1.52,0,0.34,5.12,88.28,16.7,53.26,161.34
United Kingdom,GBR,1995,0,1.64,0,0.39,4.65,88.96,22.83,63.74,155.21,0,1.64,0,0.39,4.65,88.96,22.83,63.74,155.21
United Kingdom,GBR,1996,0,1.8,0,0.49,3.4,94.67,19.15,84.09,147.27,0,1.8,0,0.49,3.4,94.67,19.15,84.09,147.27
United Kingdom,GBR,1997,0,2.11,0,0.67,4.4,98.15,12.41,110.96,121.97,0,2.11,0,0.67,4.4,98.15,12.41,110.96,121.97
United Kingdom,GBR,1998,0,2.65,0,0.88,5.12,99.49,13.8,117.8,122.97,0,2.65,0,0.88,5.12,99.49,13.8,117.8,122.97
United Kingdom,GBR,1999,0,3.43,0,0.85,5.34,95.13,14.32,142.9,106.18,0,3.43,0,0.85,5.34,95.13,14.32,142.9,106.18
United Kingdom,GBR,2000,0,3.88,0,0.94,5.09,85.06,14.06,148.08,119.95,0,3.88,0,0.94,5.09,85.06,14.06,148.08,119.95
United Kingdom,GBR,2001,0,4.53,0,0.96,4.05,90.09,11.77,141.91,131.46,0,4.53,0,0.96,4.05,90.09,11.77,141.91,131.46
United Kingdom,GBR,2002,0,5.08,0,1.25,4.79,87.85,11.71,152.28,124.28,0,5.08,0,1.25,4.79,87.85,11.71,152.28,124.28
United Kingdom,GBR,2003,0,6.17,0,1.29,3.23,88.69,11.49,148.88,138.46,0,6.17,0,1.29,3.23,88.69,11.49,148.88,138.46
United Kingdom,GBR,2004,0,7.36,0,1.94,4.84,80,10.93,157.06,131.79,0,7.36,0,1.94,4.84,80,10.93,157.06,131.79
United Kingdom,GBR,2005,0,9.1,0.01,2.9,4.92,81.62,12.52,152.64,134.64,0,9.1,0.01,2.9,4.92,81.62,12.52,152.64,134.64
United Kingdom,GBR,2006,0,9.28,0.01,4.22,4.59,75.45,14.04,140.83,148.85,0,9.28,0.01,4.22,4.59,75.45,14.04,140.83,148.85
United Kingdom,GBR,2007,0,9.32,0.01,5.27,5.08,63.03,12.37,165.79,135.94,0,9.32,0.01,5.27,5.08,63.03,12.37,165.79,135.94
United Kingdom,GBR,2008,0,9.65,0.02,7.13,5.14,52.49,13.93,176.22,124.38,0,9.65,0.02,7.13,5.14,52.49,13.93,176.22,124.38
United Kingdom,GBR,2009,0,10.71,0.02,9.28,5.23,69.1,12.88,166.5,103.04,0,10.71,0.02,9.28,5.23,69.1,12.88,166.5,103.04
United Kingdom,GBR,2010,0,12.26,0.04,10.29,3.59,62.14,10.5,175.65,107.59,0,12.26,0.04,10.29,3.59,62.14,10.5,175.65,107.59
United Kingdom,GBR,2011,0,13.31,0.24,15.96,5.69,68.98,8.85,146.5,108.44,0,13.31,0.24,15.96,5.69,68.98,8.85,146.5,108.44
United Kingdom,GBR,2012,0,14.74,1.35,19.84,5.31,70.41,9.26,100.17,142.79,0,14.74,1.35,19.84,5.31,70.41,9.26,100.17,142.79
United Kingdom,GBR,2013,0,18.1,2.01,28.4,4.7,70.61,8.36,95.84,130.26,0,18.1,2.01,28.4,4.7,70.61,8.36,95.84,130.26
United Kingdom,GBR,2014,0,22.62,4.05,31.95,5.89,63.75,8.69,100.89,100.24,0,22.62,4.05,31.95,5.89,63.75,8.69,100.89,100.24
United Kingdom,GBR,2015,0,29.26,7.53,40.27,6.3,70.34,9.41,99.88,75.88,0,29.26,7.53,40.27,6.3,70.34,9.41,99.88,75.88
United Kingdom,GBR,2016,0,30.07,10.41,37.16,5.37,71.73,10.64,143.13,30.67,0,30.07,10.41,37.16,5.37,71.73,10.64,143.13,30.67
United Kingdom,GBR,2017,0,31.9,11.46,49.65,5.88,70.34,9.71,136.75,22.53,0,31.9,11.46,49.65,5.88,70.34,9.71,136.75,22.53
United Kingdom,GBR,2018,0.01,35.11,12.67,56.91,5.44,65.06,10.2,131.49,16.83,0.01,35.11,12.67,56.91,5.44,65.06,10.2,131.49,16.83
United Kingdom,GBR,2019,0.01,37.54,12.42,63.84,5.93,56.18,11.18,133.09,6.92,0.01,37.54,12.42,63.84,5.93,56.18,11.18,133.09,6.92
United Kingdom,GBR,2020,0,39.53,12.5,75.62,6.87,50.28,11.96,112.65,5.49,0,39.53,12.5,75.62,6.87,50.28,11.96,112.65,5.49
United Kingdom,GBR,2021,0,40.05,12.08,64.93,5.4,45.9,11.18,123.13,6.51,0,40.05,12.08,64.93,5.4,45.9,11.18,123.13,6.51
United Kingdom,GBR,2022,0,35.83,13.28,80.54,5.64,47.72,8.72,124.98,5.58,0,35.83,13.28,80.54,5.64,47.72,8.72,124.98,5.58
United Kingdom,GBR,2023,0,33.99,13.83,82.31,5.19,40.75,8.45,97.91,3.49,0,33.99,13.83,82.31,5.19,40.75,8.45,97.91,3.49
United Kingdom,GBR,2024,0,39.44,15.56,84.3,5.52,40.82,9.23,84.16,2.3,0,39.44,15.56,84.3,5.52,40.82,9.23,84.16,2.3